"fishery_unit_id","country","region","trip","distance","commitment","labour","utilization","economy","disposal","ownership","size","motorization","mechanization","gear","refrigeration","total_char"
"Africa_fishery_unit1","Country26","Africa",0,1,3,3,1,2,2,0,1,0,0,3,0,"16"
"Africa_fishery_unit2","Country26","Africa",0,1,3,3,1,2,2,0,1,0,0,3,0,"16"
"Africa_fishery_unit3","Country26","Africa",0,1,3,2,0,2,2,0,1,0,0,0,0,"11"
"Africa_fishery_unit4","Country26","Africa",1,1,3,3,1,2,2,0,1,0,0,0,0,"14"
"Africa_fishery_unit5","Country26","Africa",2,1,3,3,1,2,2,0,1,1,0,0,1,"17"
"Africa_fishery_unit6","Country26","Africa",2,1,3,3,1,2,2,2,1,1,0,0,1,"19"
"Africa_fishery_unit7","Country26","Africa",0,1,3,2,0,2,2,0,1,0,0,1,0,"12"
"Africa_fishery_unit8","Country26","Africa",1,1,3,2,1,2,2,0,1,1,0,1,0,"15"
"Africa_fishery_unit9","Country26","Africa",2,1,3,2,1,2,2,0,1,1,0,1,1,"17"
"Africa_fishery_unit10","Country26","Africa",1,1,3,3,1,2,2,2,1,1,0,1,0,"18"
"Africa_fishery_unit11","Country26","Africa",1,1,3,3,1,2,2,2,1,1,0,1,0,"18"
"Africa_fishery_unit12","Country26","Africa",1,1,3,3,1,2,2,2,1,1,0,3,0,"20"
"Africa_fishery_unit13","Country26","Africa",0,0,3,0,3,2,2,0,0,0,0,0,0,"10"
"Africa_fishery_unit14","Country21","Africa",0,0,3,1,1,1,1,0,0,0,0,0,0,"7"
"Africa_fishery_unit15","Country21","Africa",0,0,3,1,1,1,1,0,0,0,0,0,0,"7"
"Africa_fishery_unit16","Country21","Africa",0,0,3,1,1,1,1,0,0,0,0,0,0,"7"
"Africa_fishery_unit17","Country21","Africa",0,0,3,1,1,1,1,0,0,0,0,0,0,"7"
"Africa_fishery_unit18","Country21","Africa",0,0,3,1,1,1,1,0,0,0,0,0,0,"7"
"Africa_fishery_unit19","Country21","Africa",0,0,3,1,1,1,1,0,0,0,0,0,0,"7"
"Africa_fishery_unit20","Country21","Africa",0,0,3,1,1,1,1,0,0,0,0,0,0,"7"
"Africa_fishery_unit21","Country21","Africa",0,0,3,1,1,1,1,0,0,0,0,0,0,"7"
"Africa_fishery_unit22","Country21","Africa",0,0,3,1,1,1,1,0,0,0,0,0,0,"7"
"Africa_fishery_unit23","Country21","Africa",0,0,3,1,1,1,1,0,0,0,0,0,0,"7"
"Africa_fishery_unit24","Country21","Africa",0,0,3,1,1,1,1,0,0,0,0,0,0,"7"
"Africa_fishery_unit25","Country21","Africa",0,0,3,1,1,1,1,0,0,0,0,0,0,"7"
"Africa_fishery_unit26","Country21","Africa",0,0,3,1,1,1,1,0,0,0,0,0,0,"7"
"Africa_fishery_unit27","Country21","Africa",0,0,3,1,1,1,1,0,0,0,0,0,0,"7"
"Africa_fishery_unit28","Country21","Africa",0,0,3,1,1,1,1,0,0,0,0,0,0,"7"
"Africa_fishery_unit29","Country21","Africa",0,0,3,1,1,1,1,0,0,0,0,0,0,"7"
"Africa_fishery_unit30","Country21","Africa",0,0,3,1,1,1,1,0,0,0,0,0,0,"7"
"Africa_fishery_unit31","Country21","Africa",0,0,3,1,1,1,1,0,0,0,0,0,0,"7"
"Africa_fishery_unit32","Country21","Africa",0,0,3,1,1,1,1,0,0,0,0,0,0,"7"
"Africa_fishery_unit33","Country21","Africa",0,0,3,1,1,1,1,0,0,0,0,0,0,"7"
"Africa_fishery_unit34","Country21","Africa",0,0,3,1,1,1,1,0,0,0,0,0,0,"7"
"Africa_fishery_unit35","Country21","Africa",0,0,3,1,1,1,1,0,0,0,0,0,0,"7"
"Africa_fishery_unit36","Country21","Africa",0,0,3,1,1,1,1,0,0,0,0,0,0,"7"
"Africa_fishery_unit37","Country21","Africa",0,0,3,1,1,1,1,0,0,0,0,0,0,"7"
"Africa_fishery_unit38","Country21","Africa",0,0,3,1,1,1,1,0,0,0,0,0,0,"7"
"Africa_fishery_unit39","Country21","Africa",0,0,3,1,1,1,1,0,0,0,0,0,0,"7"
"Africa_fishery_unit40","Country21","Africa",1,1,3,0,0,1,1,0,1,0,0,1,0,"9"
"Africa_fishery_unit41","Country21","Africa",1,1,3,0,0,1,1,0,1,0,0,1,0,"9"
"Africa_fishery_unit42","Country21","Africa",1,1,3,0,0,1,1,0,1,0,0,1,0,"9"
"Africa_fishery_unit43","Country21","Africa",1,1,3,0,0,1,1,0,1,0,0,1,0,"9"
"Africa_fishery_unit44","Country21","Africa",1,1,3,0,0,1,1,0,1,0,0,1,0,"9"
"Africa_fishery_unit45","Country21","Africa",1,1,3,0,0,1,1,0,1,0,0,1,0,"9"
"Africa_fishery_unit46","Country21","Africa",1,1,3,0,0,1,1,0,1,0,0,1,0,"9"
"Africa_fishery_unit47","Country21","Africa",1,1,3,0,0,1,1,0,1,0,0,1,0,"9"
"Africa_fishery_unit48","Country21","Africa",1,1,3,0,0,1,1,0,1,0,0,1,0,"9"
"Africa_fishery_unit49","Country21","Africa",1,1,3,0,0,1,1,0,1,0,0,1,0,"9"
"Africa_fishery_unit50","Country21","Africa",1,1,3,0,0,1,1,0,1,0,0,1,0,"9"
"Africa_fishery_unit51","Country21","Africa",1,1,3,0,0,1,1,0,1,0,0,1,0,"9"
"Africa_fishery_unit52","Country21","Africa",1,1,3,0,0,1,1,0,1,0,0,1,0,"9"
"Africa_fishery_unit53","Country21","Africa",1,1,3,0,0,1,1,0,1,0,0,1,0,"9"
"Africa_fishery_unit54","Country21","Africa",1,1,3,0,0,1,1,0,1,0,0,1,0,"9"
"Africa_fishery_unit55","Country21","Africa",0,0,3,1,1,1,1,0,0,0,0,0,0,"7"
"Africa_fishery_unit56","Country21","Africa",1,1,3,0,0,1,1,0,1,0,0,1,0,"9"
"Africa_fishery_unit57","Country21","Africa",1,1,3,0,0,1,1,0,1,0,0,1,0,"9"
"Africa_fishery_unit58","Country21","Africa",1,1,3,0,0,1,1,0,1,0,0,1,0,"9"
"Africa_fishery_unit59","Country21","Africa",0,0,3,1,1,1,1,0,0,0,0,0,0,"7"
"Africa_fishery_unit60","Country21","Africa",0,0,3,1,1,1,1,0,0,0,0,0,0,"7"
"Africa_fishery_unit61","Country21","Africa",0,0,3,1,1,1,1,0,0,0,0,0,0,"7"
"Africa_fishery_unit62","Country21","Africa",0,0,3,1,1,0,2,0,0,0,0,0,0,"7"
"Africa_fishery_unit63","Country21","Africa",1,1,3,0,0,1,1,0,1,0,0,1,0,"9"
"Africa_fishery_unit64","Country21","Africa",1,1,3,0,0,1,1,0,1,0,0,1,0,"9"
"Africa_fishery_unit65","Country21","Africa",0,0,3,1,1,0,2,0,0,0,0,0,0,"7"
"Africa_fishery_unit66","Country21","Africa",0,0,2,0,1,1,2,0,1,0,0,1,0,"8"
"Africa_fishery_unit67","Country21","Africa",1,1,3,0,0,1,1,0,1,0,0,1,0,"9"
"Africa_fishery_unit68","Country21","Africa",1,1,3,0,0,1,1,0,1,0,0,1,0,"9"
"Africa_fishery_unit69","Country21","Africa",0,0,3,1,1,1,1,0,0,0,0,0,0,"7"
"Africa_fishery_unit70","Country21","Africa",1,1,3,0,0,1,1,0,1,0,0,1,0,"9"
"Africa_fishery_unit71","Country21","Africa",1,1,3,0,0,1,1,0,1,0,0,1,0,"9"
"Africa_fishery_unit72","Country21","Africa",1,1,3,0,0,1,1,0,1,0,0,1,0,"9"
"Africa_fishery_unit73","Country21","Africa",0,0,3,1,1,1,1,0,0,0,0,0,0,"7"
"Africa_fishery_unit74","Country21","Africa",0,0,3,1,1,1,1,0,0,0,0,0,0,"7"
"Africa_fishery_unit75","Country21","Africa",0,0,3,1,1,1,1,0,0,0,0,0,0,"7"
"Africa_fishery_unit76","Country21","Africa",0,0,3,1,1,0,2,0,0,0,0,0,0,"7"
"Africa_fishery_unit77","Country21","Africa",1,1,3,0,0,1,1,0,1,0,0,1,0,"9"
"Africa_fishery_unit78","Country21","Africa",1,1,3,0,0,1,1,0,1,0,0,1,0,"9"
"Africa_fishery_unit79","Country21","Africa",0,0,3,1,1,0,2,0,0,0,0,0,0,"7"
"Africa_fishery_unit80","Country21","Africa",0,0,2,0,1,1,2,0,1,0,0,1,0,"8"
"Africa_fishery_unit81","Country21","Africa",1,1,3,0,0,1,1,0,1,0,0,1,0,"9"
"Africa_fishery_unit82","Country21","Africa",1,1,3,0,0,1,1,0,1,0,0,1,0,"9"
"Africa_fishery_unit83","Country21","Africa",0,0,3,1,1,1,1,0,0,0,0,0,0,"7"
"Africa_fishery_unit84","Country21","Africa",1,1,3,0,0,1,1,0,1,0,0,1,0,"9"
"Africa_fishery_unit85","Country21","Africa",1,1,3,0,0,1,1,0,1,0,0,1,0,"9"
"Africa_fishery_unit86","Country21","Africa",1,1,3,0,0,1,1,0,1,0,0,1,0,"9"
"Africa_fishery_unit87","Country21","Africa",0,0,3,1,1,1,1,0,0,0,0,0,0,"7"
"Africa_fishery_unit88","Country21","Africa",0,0,3,1,1,1,1,0,0,0,0,0,0,"7"
"Africa_fishery_unit89","Country21","Africa",0,0,3,1,1,1,1,0,0,0,0,0,0,"7"
"Africa_fishery_unit90","Country21","Africa",0,0,3,1,1,0,2,0,0,0,0,0,0,"7"
"Africa_fishery_unit91","Country21","Africa",1,1,3,0,0,1,1,0,1,0,0,1,0,"9"
"Africa_fishery_unit92","Country21","Africa",1,1,3,0,0,1,1,0,1,0,0,1,0,"9"
"Africa_fishery_unit93","Country21","Africa",0,0,3,1,1,0,2,0,0,0,0,0,0,"7"
"Africa_fishery_unit94","Country21","Africa",0,0,2,0,1,1,2,0,1,0,0,1,0,"8"
"Africa_fishery_unit95","Country21","Africa",1,1,3,0,0,1,1,0,1,0,0,1,0,"9"
"Africa_fishery_unit96","Country21","Africa",1,1,3,0,0,1,1,0,1,0,0,1,0,"9"
"Africa_fishery_unit97","Country21","Africa",0,0,3,1,1,1,1,0,0,0,0,0,0,"7"
"Africa_fishery_unit98","Country21","Africa",1,1,3,0,0,1,1,0,1,0,0,1,0,"9"
"Africa_fishery_unit99","Country21","Africa",1,1,3,0,0,1,1,0,1,0,0,1,0,"9"
"Africa_fishery_unit100","Country21","Africa",1,1,3,0,0,1,1,0,1,0,0,1,0,"9"
"Africa_fishery_unit101","Country21","Africa",0,0,3,1,1,1,1,0,0,0,0,0,0,"7"
"Africa_fishery_unit102","Country21","Africa",0,0,3,1,1,1,1,0,0,0,0,0,0,"7"
"Africa_fishery_unit103","Country21","Africa",0,0,3,1,1,1,1,0,0,0,0,0,0,"7"
"Africa_fishery_unit104","Country21","Africa",0,0,3,1,1,0,2,0,0,0,0,0,0,"7"
"Africa_fishery_unit105","Country21","Africa",1,1,3,0,0,1,1,0,1,0,0,1,0,"9"
"Africa_fishery_unit106","Country21","Africa",1,1,3,0,0,1,1,0,1,0,0,1,0,"9"
"Africa_fishery_unit107","Country21","Africa",0,0,3,1,1,0,2,0,0,0,0,0,0,"7"
"Africa_fishery_unit108","Country21","Africa",0,0,2,0,1,1,2,0,1,0,0,1,0,"8"
"Africa_fishery_unit109","Country21","Africa",1,1,3,0,0,1,1,0,1,0,0,1,0,"9"
"Africa_fishery_unit110","Country21","Africa",1,1,3,0,0,1,1,0,1,0,0,1,0,"9"
"Africa_fishery_unit111","Country21","Africa",0,0,3,1,1,1,1,0,0,0,0,0,0,"7"
"Africa_fishery_unit112","Country21","Africa",1,1,3,0,0,1,1,0,1,0,0,1,0,"9"
"Africa_fishery_unit113","Country21","Africa",1,1,3,0,0,1,1,0,1,0,0,1,0,"9"
"Africa_fishery_unit114","Country21","Africa",1,1,3,0,0,1,1,0,1,0,0,1,0,"9"
"Africa_fishery_unit115","Country21","Africa",0,0,3,1,1,1,1,0,0,0,0,0,0,"7"
"Africa_fishery_unit116","Country21","Africa",0,0,3,1,1,1,1,0,0,0,0,0,0,"7"
"Africa_fishery_unit117","Country21","Africa",0,0,3,1,1,1,1,0,0,0,0,0,0,"7"
"Africa_fishery_unit118","Country21","Africa",0,0,3,1,1,0,2,0,0,0,0,0,0,"7"
"Africa_fishery_unit119","Country21","Africa",1,1,3,0,0,1,1,0,1,0,0,1,0,"9"
"Africa_fishery_unit120","Country21","Africa",1,1,3,0,0,1,1,0,1,0,0,1,0,"9"
"Africa_fishery_unit121","Country21","Africa",0,0,3,1,1,0,2,0,0,0,0,0,0,"7"
"Africa_fishery_unit122","Country21","Africa",0,0,2,0,1,1,2,0,1,0,0,1,0,"8"
"Africa_fishery_unit123","Country21","Africa",1,1,3,0,0,1,1,0,1,0,0,1,0,"9"
"Africa_fishery_unit124","Country21","Africa",1,1,3,0,0,1,1,0,1,0,0,1,0,"9"
"Africa_fishery_unit125","Country21","Africa",0,0,3,1,1,1,1,0,0,0,0,0,0,"7"
"Africa_fishery_unit126","Country21","Africa",1,1,3,0,0,1,1,0,1,0,0,1,0,"9"
"Africa_fishery_unit127","Country21","Africa",1,1,3,0,0,1,1,0,1,0,0,1,0,"9"
"Africa_fishery_unit128","Country21","Africa",1,1,3,0,0,1,1,0,1,0,0,1,0,"9"
"Africa_fishery_unit129","Country21","Africa",0,0,3,1,1,1,1,0,0,0,0,0,0,"7"
"Africa_fishery_unit130","Country21","Africa",0,0,3,1,1,1,1,0,0,0,0,0,0,"7"
"Africa_fishery_unit131","Country21","Africa",0,0,3,1,1,1,1,0,0,0,0,0,0,"7"
"Africa_fishery_unit132","Country21","Africa",0,0,3,1,1,0,2,0,0,0,0,0,0,"7"
"Africa_fishery_unit133","Country21","Africa",1,1,3,0,0,1,1,0,1,0,0,1,0,"9"
"Africa_fishery_unit134","Country21","Africa",1,1,3,0,0,1,1,0,1,0,0,1,0,"9"
"Africa_fishery_unit135","Country21","Africa",0,0,3,1,1,0,2,0,0,0,0,0,0,"7"
"Africa_fishery_unit136","Country21","Africa",0,0,2,0,1,1,2,0,1,0,0,1,0,"8"
"Africa_fishery_unit137","Country21","Africa",1,1,3,0,0,1,1,0,1,0,0,1,0,"9"
"Africa_fishery_unit138","Country21","Africa",1,1,3,0,0,1,1,0,1,0,0,1,0,"9"
"Africa_fishery_unit139","Country21","Africa",0,0,3,1,1,1,1,0,0,0,0,0,0,"7"
"Africa_fishery_unit140","Country21","Africa",1,1,3,0,0,1,1,0,1,0,0,1,0,"9"
"Africa_fishery_unit141","Country21","Africa",1,1,3,0,0,1,1,0,1,0,0,1,0,"9"
"Africa_fishery_unit142","Country21","Africa",1,1,3,0,0,1,1,0,1,0,0,1,0,"9"
"Africa_fishery_unit143","Country21","Africa",0,0,3,1,1,1,1,0,0,0,0,0,0,"7"
"Africa_fishery_unit144","Country21","Africa",0,0,3,1,1,1,1,0,0,0,0,0,0,"7"
"Africa_fishery_unit145","Country21","Africa",0,0,3,1,1,1,1,0,0,0,0,0,0,"7"
"Africa_fishery_unit146","Country21","Africa",0,0,3,1,1,0,2,0,0,0,0,0,0,"7"
"Africa_fishery_unit147","Country21","Africa",1,1,3,0,0,1,1,0,1,0,0,1,0,"9"
"Africa_fishery_unit148","Country21","Africa",1,1,3,0,0,1,1,0,1,0,0,1,0,"9"
"Africa_fishery_unit149","Country21","Africa",0,0,3,1,1,0,2,0,0,0,0,0,0,"7"
"Africa_fishery_unit150","Country21","Africa",0,0,2,0,1,1,2,0,1,0,0,1,0,"8"
"Africa_fishery_unit151","Country21","Africa",1,1,3,0,0,1,1,0,1,0,0,1,0,"9"
"Africa_fishery_unit152","Country21","Africa",1,1,3,0,0,1,1,0,1,0,0,1,0,"9"
"Africa_fishery_unit153","Country21","Africa",0,0,3,1,1,1,1,0,0,0,0,0,0,"7"
"Africa_fishery_unit154","Country21","Africa",1,1,3,0,0,1,1,0,1,0,0,1,0,"9"
"Africa_fishery_unit155","Country21","Africa",1,1,3,0,0,1,1,0,1,0,0,1,0,"9"
"Africa_fishery_unit156","Country21","Africa",1,1,3,0,0,1,1,0,1,0,0,1,0,"9"
"Africa_fishery_unit157","Country21","Africa",0,0,3,1,1,1,1,0,0,0,0,0,0,"7"
"Africa_fishery_unit158","Country21","Africa",0,0,3,1,1,1,1,0,0,0,0,0,0,"7"
"Africa_fishery_unit159","Country21","Africa",0,0,3,1,1,1,1,0,0,0,0,0,0,"7"
"Africa_fishery_unit160","Country21","Africa",0,0,3,1,1,0,2,0,0,0,0,0,0,"7"
"Africa_fishery_unit161","Country21","Africa",1,1,3,0,0,1,1,0,1,0,0,1,0,"9"
"Africa_fishery_unit162","Country21","Africa",1,1,3,0,0,1,1,0,1,0,0,1,0,"9"
"Africa_fishery_unit163","Country21","Africa",0,0,3,1,1,0,2,0,0,0,0,0,0,"7"
"Africa_fishery_unit164","Country21","Africa",0,0,2,0,1,1,2,0,1,0,0,1,0,"8"
"Africa_fishery_unit165","Country21","Africa",1,1,3,0,0,1,1,0,1,0,0,1,0,"9"
"Africa_fishery_unit166","Country21","Africa",1,1,3,0,0,1,1,0,1,0,0,1,0,"9"
"Africa_fishery_unit167","Country21","Africa",0,0,3,1,1,1,1,0,0,0,0,0,0,"7"
"Africa_fishery_unit168","Country21","Africa",1,1,3,0,0,1,1,0,1,0,0,1,0,"9"
"Africa_fishery_unit169","Country21","Africa",1,1,3,0,0,1,1,0,1,0,0,1,0,"9"
"Africa_fishery_unit170","Country21","Africa",1,1,3,0,0,1,1,0,1,0,0,1,0,"9"
"Africa_fishery_unit171","Country21","Africa",0,0,3,1,1,1,1,0,0,0,0,0,0,"7"
"Africa_fishery_unit172","Country21","Africa",0,0,3,1,1,1,1,0,0,0,0,0,0,"7"
"Africa_fishery_unit173","Country21","Africa",0,0,3,1,1,1,1,0,0,0,0,0,0,"7"
"Africa_fishery_unit174","Country21","Africa",0,0,3,1,1,0,2,0,0,0,0,0,0,"7"
"Africa_fishery_unit175","Country21","Africa",1,1,3,0,0,1,1,0,1,0,0,1,0,"9"
"Africa_fishery_unit176","Country21","Africa",1,1,3,0,0,1,1,0,1,0,0,1,0,"9"
"Africa_fishery_unit177","Country21","Africa",0,0,3,1,1,0,2,0,0,0,0,0,0,"7"
"Africa_fishery_unit178","Country21","Africa",0,0,2,0,1,1,2,0,1,0,0,1,0,"8"
"Africa_fishery_unit179","Country21","Africa",1,1,3,0,0,1,1,0,1,0,0,1,0,"9"
"Africa_fishery_unit180","Country21","Africa",1,1,3,0,0,1,1,0,1,0,0,1,0,"9"
"Africa_fishery_unit181","Country21","Africa",0,0,3,1,1,1,1,0,0,0,0,0,0,"7"
"Africa_fishery_unit182","Country21","Africa",1,1,3,0,0,1,1,0,1,0,0,1,0,"9"
"Africa_fishery_unit183","Country21","Africa",1,1,3,0,0,1,1,0,1,0,0,1,0,"9"
"Africa_fishery_unit184","Country21","Africa",1,1,3,0,0,1,1,0,1,0,0,1,0,"9"
"Africa_fishery_unit185","Country21","Africa",0,0,3,1,1,1,1,0,0,0,0,0,0,"7"
"Africa_fishery_unit186","Country21","Africa",0,0,3,1,1,1,1,0,0,0,0,0,0,"7"
"Africa_fishery_unit187","Country21","Africa",0,0,3,1,1,1,1,0,0,0,0,0,0,"7"
"Africa_fishery_unit188","Country21","Africa",0,0,3,1,1,0,2,0,0,0,0,0,0,"7"
"Africa_fishery_unit189","Country21","Africa",1,1,3,0,0,1,1,0,1,0,0,1,0,"9"
"Africa_fishery_unit190","Country21","Africa",1,1,3,0,0,1,1,0,1,0,0,1,0,"9"
"Africa_fishery_unit191","Country21","Africa",0,0,3,1,1,0,2,0,0,0,0,0,0,"7"
"Africa_fishery_unit192","Country21","Africa",0,0,2,0,1,1,2,0,1,0,0,1,0,"8"
"Africa_fishery_unit193","Country21","Africa",1,1,3,0,0,1,1,0,1,0,0,1,0,"9"
"Africa_fishery_unit194","Country21","Africa",1,1,3,0,0,1,1,0,1,0,0,1,0,"9"
"Africa_fishery_unit195","Country21","Africa",0,0,3,1,1,1,1,0,0,0,0,0,0,"7"
"Africa_fishery_unit196","Country21","Africa",1,1,3,0,0,1,1,0,1,0,0,1,0,"9"
"Africa_fishery_unit197","Country21","Africa",1,1,3,0,0,1,1,0,1,0,0,1,0,"9"
"Africa_fishery_unit198","Country21","Africa",1,1,3,0,0,1,1,0,1,0,0,1,0,"9"
"Africa_fishery_unit199","Country21","Africa",0,0,3,1,1,1,1,0,0,0,0,0,0,"7"
"Africa_fishery_unit200","Country21","Africa",0,0,3,1,1,1,1,0,0,0,0,0,0,"7"
"Africa_fishery_unit201","Country21","Africa",0,0,3,1,1,1,1,0,0,0,0,0,0,"7"
"Africa_fishery_unit202","Country21","Africa",0,0,3,1,1,0,2,0,0,0,0,0,0,"7"
"Africa_fishery_unit203","Country21","Africa",1,1,3,0,0,1,1,0,1,0,0,1,0,"9"
"Africa_fishery_unit204","Country21","Africa",1,1,3,0,0,1,1,0,1,0,0,1,0,"9"
"Africa_fishery_unit205","Country21","Africa",0,0,3,1,1,0,2,0,0,0,0,0,0,"7"
"Africa_fishery_unit206","Country21","Africa",0,0,2,0,1,1,2,0,1,0,0,1,0,"8"
"Africa_fishery_unit207","Country21","Africa",1,1,3,0,0,1,1,0,1,0,0,1,0,"9"
"Africa_fishery_unit208","Country21","Africa",1,1,3,0,0,1,1,0,1,0,0,1,0,"9"
"Africa_fishery_unit209","Country21","Africa",0,0,3,1,1,1,1,0,0,0,0,0,0,"7"
"Africa_fishery_unit210","Country21","Africa",1,1,3,0,0,1,1,0,1,0,0,1,0,"9"
"Africa_fishery_unit211","Country21","Africa",1,1,3,0,0,1,1,0,1,0,0,1,0,"9"
"Africa_fishery_unit212","Country21","Africa",1,1,3,0,0,1,1,0,1,0,0,1,0,"9"
"Africa_fishery_unit213","Country21","Africa",0,0,3,1,1,1,1,0,0,0,0,0,0,"7"
"Africa_fishery_unit214","Country21","Africa",0,0,3,1,1,1,1,0,0,0,0,0,0,"7"
"Africa_fishery_unit215","Country21","Africa",0,0,3,1,1,1,1,0,0,0,0,0,0,"7"
"Africa_fishery_unit216","Country21","Africa",0,0,3,1,1,0,2,0,0,0,0,0,0,"7"
"Africa_fishery_unit217","Country21","Africa",1,1,3,0,0,1,1,0,1,0,0,1,0,"9"
"Africa_fishery_unit218","Country21","Africa",1,1,3,0,0,1,1,0,1,0,0,1,0,"9"
"Africa_fishery_unit219","Country21","Africa",0,0,3,1,1,0,2,0,0,0,0,0,0,"7"
"Africa_fishery_unit220","Country21","Africa",0,0,2,0,1,1,2,0,1,0,0,1,0,"8"
"Africa_fishery_unit221","Country21","Africa",1,1,3,0,0,1,1,0,1,0,0,1,0,"9"
"Africa_fishery_unit222","Country21","Africa",1,1,3,0,0,1,1,0,1,0,0,1,0,"9"
"Africa_fishery_unit223","Country21","Africa",0,0,3,1,1,1,1,0,0,0,0,0,0,"7"
"Africa_fishery_unit224","Country21","Africa",1,1,3,0,0,1,1,0,1,0,0,1,0,"9"
"Africa_fishery_unit225","Country21","Africa",1,1,3,0,0,1,1,0,1,0,0,1,0,"9"
"Africa_fishery_unit226","Country21","Africa",1,1,3,0,0,1,1,0,1,0,0,1,0,"9"
"Africa_fishery_unit227","Country21","Africa",0,0,3,1,1,1,1,0,0,0,0,0,0,"7"
"Africa_fishery_unit228","Country21","Africa",0,0,3,1,1,1,1,0,0,0,0,0,0,"7"
"Africa_fishery_unit229","Country21","Africa",0,0,3,1,1,1,1,0,0,0,0,0,0,"7"
"Africa_fishery_unit230","Country21","Africa",0,0,3,1,1,0,2,0,0,0,0,0,0,"7"
"Africa_fishery_unit231","Country21","Africa",1,1,3,0,0,1,1,0,1,0,0,1,0,"9"
"Africa_fishery_unit232","Country21","Africa",1,1,3,0,0,1,1,0,1,0,0,1,0,"9"
"Africa_fishery_unit233","Country21","Africa",0,0,3,1,1,0,2,0,0,0,0,0,0,"7"
"Africa_fishery_unit234","Country21","Africa",0,0,2,0,1,1,2,0,1,0,0,1,0,"8"
"Africa_fishery_unit235","Country21","Africa",0,0,3,1,1,1,1,0,0,0,0,0,0,"7"
"Africa_fishery_unit236","Country21","Africa",0,0,3,1,1,1,1,0,0,0,0,0,0,"7"
"Africa_fishery_unit237","Country21","Africa",0,0,3,1,1,1,1,0,0,0,0,0,0,"7"
"Africa_fishery_unit238","Country21","Africa",0,0,3,1,1,1,1,0,0,0,0,0,0,"7"
"Africa_fishery_unit239","Country21","Africa",0,0,3,1,1,1,1,0,0,0,0,0,0,"7"
"Africa_fishery_unit240","Country21","Africa",0,0,3,1,1,1,1,0,0,0,0,0,0,"7"
"Africa_fishery_unit241","Country21","Africa",0,0,3,1,1,1,1,0,0,0,0,0,0,"7"
"Africa_fishery_unit242","Country21","Africa",0,0,3,1,1,1,1,0,0,0,0,0,0,"7"
"Africa_fishery_unit243","Country21","Africa",0,0,3,1,1,1,1,0,0,0,0,0,0,"7"
"Africa_fishery_unit244","Country21","Africa",0,0,3,1,1,1,1,0,0,0,0,0,0,"7"
"Africa_fishery_unit245","Country21","Africa",0,0,3,1,1,1,1,0,0,0,0,0,0,"7"
"Africa_fishery_unit246","Country21","Africa",0,0,3,1,1,1,1,0,0,0,0,0,0,"7"
"Africa_fishery_unit247","Country21","Africa",0,0,3,1,1,1,1,0,0,0,0,0,0,"7"
"Africa_fishery_unit248","Country21","Africa",0,0,3,1,1,1,1,0,0,0,0,0,0,"7"
"Africa_fishery_unit249","Country21","Africa",0,0,3,1,1,1,1,0,0,0,0,0,0,"7"
"Africa_fishery_unit250","Country21","Africa",0,0,3,1,1,1,1,0,0,0,0,0,0,"7"
"Africa_fishery_unit251","Country21","Africa",0,0,3,1,1,1,1,0,0,0,0,0,0,"7"
"Africa_fishery_unit252","Country21","Africa",0,0,3,1,1,1,1,0,0,0,0,0,0,"7"
"Africa_fishery_unit253","Country21","Africa",0,0,3,1,1,1,1,0,0,0,0,0,0,"7"
"Africa_fishery_unit254","Country21","Africa",0,0,3,1,1,1,1,0,0,0,0,0,0,"7"
"Africa_fishery_unit255","Country21","Africa",0,0,3,1,1,1,1,0,0,0,0,0,0,"7"
"Africa_fishery_unit256","Country21","Africa",0,0,3,1,1,1,1,0,0,0,0,0,0,"7"
"Africa_fishery_unit257","Country21","Africa",0,0,3,1,1,1,1,0,0,0,0,0,0,"7"
"Africa_fishery_unit258","Country21","Africa",0,0,3,1,1,1,1,0,0,0,0,0,0,"7"
"Africa_fishery_unit259","Country21","Africa",0,0,3,1,1,1,1,0,0,0,0,0,0,"7"
"Africa_fishery_unit260","Country21","Africa",0,0,3,1,1,1,1,0,0,0,0,0,0,"7"
"Africa_fishery_unit261","Country21","Africa",0,0,3,1,1,1,1,0,0,0,0,0,0,"7"
"Africa_fishery_unit262","Country21","Africa",0,0,3,1,1,1,1,0,0,0,0,0,0,"7"
"Africa_fishery_unit263","Country21","Africa",0,0,3,1,1,1,1,0,0,0,0,0,0,"7"
"Africa_fishery_unit264","Country21","Africa",0,0,3,1,1,1,1,0,0,0,0,0,0,"7"
"Africa_fishery_unit265","Country21","Africa",0,0,3,1,1,1,1,0,0,0,0,0,0,"7"
"Africa_fishery_unit266","Country21","Africa",0,0,3,1,1,1,1,0,0,0,0,0,0,"7"
"Africa_fishery_unit267","Country21","Africa",0,0,3,1,1,1,1,0,0,0,0,0,0,"7"
"Africa_fishery_unit268","Country21","Africa",0,0,3,1,1,1,1,0,0,0,0,0,0,"7"
"Africa_fishery_unit269","Country21","Africa",0,0,3,1,1,1,1,0,0,0,0,0,0,"7"
"Africa_fishery_unit270","Country21","Africa",0,0,3,1,1,1,1,0,0,0,0,0,0,"7"
"Africa_fishery_unit271","Country21","Africa",0,0,3,1,1,1,1,0,0,0,0,0,0,"7"
"Africa_fishery_unit272","Country21","Africa",0,0,3,1,1,1,1,0,0,0,0,0,0,"7"
"Africa_fishery_unit273","Country21","Africa",0,0,3,1,1,1,1,0,0,0,0,0,0,"7"
"Africa_fishery_unit274","Country21","Africa",0,0,3,1,1,1,1,0,0,0,0,0,0,"7"
"Africa_fishery_unit275","Country21","Africa",0,0,3,1,1,1,1,0,0,0,0,0,0,"7"
"Africa_fishery_unit276","Country21","Africa",0,0,3,1,1,1,1,0,0,0,0,0,0,"7"
"Africa_fishery_unit277","Country21","Africa",0,0,3,1,1,1,1,0,0,0,0,0,0,"7"
"Africa_fishery_unit278","Country21","Africa",0,0,3,1,1,1,1,0,0,0,0,0,0,"7"
"Africa_fishery_unit279","Country21","Africa",0,0,3,1,1,1,1,0,0,0,0,0,0,"7"
"Africa_fishery_unit280","Country21","Africa",0,0,3,1,1,1,1,0,0,0,0,0,0,"7"
"Africa_fishery_unit281","Country21","Africa",0,0,3,1,1,1,1,0,0,0,0,0,0,"7"
"Africa_fishery_unit282","Country21","Africa",0,0,3,1,1,1,1,0,0,0,0,0,0,"7"
"Africa_fishery_unit283","Country21","Africa",0,0,3,1,1,1,1,0,0,0,0,0,0,"7"
"Africa_fishery_unit284","Country21","Africa",0,0,3,1,1,1,1,0,0,0,0,0,0,"7"
"Africa_fishery_unit285","Country21","Africa",0,0,3,1,1,1,1,0,0,0,0,0,0,"7"
"Africa_fishery_unit286","Country21","Africa",0,0,3,1,1,1,1,0,0,0,0,0,0,"7"
"Africa_fishery_unit287","Country21","Africa",0,0,3,1,1,1,1,0,0,0,0,0,0,"7"
"Africa_fishery_unit288","Country21","Africa",0,0,3,1,1,1,1,0,0,0,0,0,0,"7"
"Africa_fishery_unit289","Country21","Africa",0,0,3,1,1,1,1,0,0,0,0,0,0,"7"
"Africa_fishery_unit290","Country21","Africa",0,0,3,1,1,1,1,0,0,0,0,0,0,"7"
"Africa_fishery_unit291","Country21","Africa",0,0,3,1,1,1,1,0,0,0,0,0,0,"7"
"Africa_fishery_unit292","Country21","Africa",0,0,3,1,1,1,1,0,0,0,0,0,0,"7"
"Africa_fishery_unit293","Country21","Africa",0,0,3,1,1,1,1,0,0,0,0,0,0,"7"
"Africa_fishery_unit294","Country21","Africa",0,0,3,1,1,1,1,0,0,0,0,0,0,"7"
"Africa_fishery_unit295","Country21","Africa",0,0,3,1,1,1,1,0,0,0,0,0,0,"7"
"Africa_fishery_unit296","Country21","Africa",0,0,3,1,1,1,1,0,0,0,0,0,0,"7"
"Africa_fishery_unit297","Country21","Africa",0,0,3,1,1,1,1,0,0,0,0,0,0,"7"
"Africa_fishery_unit298","Country21","Africa",0,0,3,1,1,1,1,0,0,0,0,0,0,"7"
"Africa_fishery_unit299","Country21","Africa",0,0,3,1,1,1,1,0,0,0,0,0,0,"7"
"Africa_fishery_unit300","Country19","Africa",1,1,1,3,0,1,2,0,1,0,0,1,0,"11"
"Africa_fishery_unit301","Country19","Africa",1,1,1,3,0,1,2,2,1,1,0,1,0,"14"
"Africa_fishery_unit302","Country19","Africa",1,1,1,2,0,1,2,2,1,1,0,0,0,"12"
"Africa_fishery_unit303","Country19","Africa",0,1,1,0,0,1,1,0,0,0,0,0,0,"4"
"Africa_fishery_unit304","Country19","Africa",1,2,1,3,0,1,2,1,1,0,0,0,0,"12"
"Africa_fishery_unit305","Country19","Africa",1,1,1,2,1,1,2,0,1,1,0,1,0,"12"
"Africa_fishery_unit306","Country19","Africa",1,1,1,2,1,2,2,0,1,1,0,1,0,"13"
"Africa_fishery_unit307","Country19","Africa",1,2,1,3,0,2,2,2,1,0,0,0,0,"14"
"Africa_fishery_unit308","Country19","Africa",2,1,2,0,0,1,1,0,1,0,0,1,0,"9"
"Africa_fishery_unit309","Country19","Africa",2,1,2,0,0,1,1,0,1,0,0,1,0,"9"
"Africa_fishery_unit310","Country19","Africa",1,2,1,3,0,1,2,2,1,1,0,1,0,"15"
"Africa_fishery_unit311","Country19","Africa",1,2,2,3,1,2,2,3,1,1,0,2,0,"20"
"Africa_fishery_unit312","Country19","Africa",1,2,1,3,0,2,2,2,1,1,0,1,0,"16"
"Africa_fishery_unit313","Country19","Africa",1,1,1,3,0,1,2,2,1,1,0,0,0,"13"
"Africa_fishery_unit314","Country19","Africa",1,2,1,3,0,2,2,2,1,1,0,1,0,"16"
"Africa_fishery_unit315","Country19","Africa",1,1,1,2,0,1,2,0,1,0,0,1,0,"10"
"Africa_fishery_unit316","Country19","Africa",1,3,1,3,0,2,2,2,1,1,0,1,0,"17"
"Africa_fishery_unit317","Country19","Africa",1,1,1,3,0,1,2,0,1,1,0,1,0,"12"
"Africa_fishery_unit318","Country19","Africa",1,1,1,3,0,1,2,0,1,1,0,1,0,"12"
"Africa_fishery_unit319","Country19","Africa",1,1,1,1,0,0,2,2,1,0,0,1,0,"10"
"Africa_fishery_unit320","Country19","Africa",1,3,1,3,1,2,2,2,2,1,0,1,0,"19"
"Africa_fishery_unit321","Country19","Africa",1,1,1,0,2,1,2,0,1,0,0,0,0,"9"
"Africa_fishery_unit322","Country19","Africa",0,0,0,0,1,0,2,0,0,0,0,3,0,"6"
"Africa_fishery_unit323","Country19","Africa",1,1,1,1,1,1,2,0,0,0,0,0,0,"8"
"Africa_fishery_unit324","Country19","Africa",0,1,1,0,1,0,1,3,1,1,2,0,0,"11"
"Africa_fishery_unit325","Country19","Africa",0,0,1,0,0,1,1,0,0,0,0,0,0,"3"
"Africa_fishery_unit326","Country19","Africa",0,0,1,0,0,1,1,0,0,0,0,0,0,"3"
"Africa_fishery_unit327","Country19","Africa",0,0,0,0,0,0,3,0,0,0,0,0,0,"3"
"Africa_fishery_unit328","Country19","Africa",0,1,3,3,0,2,2,3,1,1,2,0,0,"18"
"Africa_fishery_unit329","Country8","Africa",3,2,3,3,1,3,2,2,1,1,0,1,1,"23"
"Africa_fishery_unit330","Country9","Africa",1,2,3,3,0,3,2,2,1,1,1,1,1,"21"
"Africa_fishery_unit331","Country9","Africa",1,1,2,2,0,3,2,2,1,1,0,1,1,"17"
"Africa_fishery_unit332","Country37","Africa",1,0,1,0,0,0,0,0,0,0,0,0,0,"2"
"Africa_fishery_unit333","Country37","Africa",1,0,1,0,0,0,0,0,0,0,0,0,0,"2"
"Africa_fishery_unit334","Country37","Africa",1,0,0,0,0,1,1,0,0,0,0,0,0,"3"
"Africa_fishery_unit335","Country37","Africa",1,0,0,0,0,1,1,0,0,0,0,0,0,"3"
"Africa_fishery_unit336","Country37","Africa",1,2,3,3,1,3,1,0,1,1,0,0,1,"17"
"Africa_fishery_unit337","Country37","Africa",1,0,1,2,0,1,1,0,1,0,0,0,0,"7"
"Africa_fishery_unit338","Country37","Africa",1,1,3,2,1,1,0,0,1,0,0,1,0,"11"
"Africa_fishery_unit339","Country37","Africa",1,0,0,0,1,1,0,0,0,0,0,0,0,"3"
"Africa_fishery_unit340","Country37","Africa",1,0,0,0,1,1,0,0,0,0,0,0,0,"3"
"Africa_fishery_unit341","Country37","Africa",1,0,1,1,1,1,1,0,1,0,0,0,0,"7"
"Africa_fishery_unit342","Country37","Africa",1,0,1,1,1,1,1,0,1,0,0,0,0,"7"
"Africa_fishery_unit343","Country37","Africa",1,0,1,1,1,1,1,0,1,0,0,0,0,"7"
"Africa_fishery_unit344","Country37","Africa",1,0,2,0,1,1,0,0,0,0,0,1,0,"6"
"Africa_fishery_unit345","Country23","Africa",1,2,1,1,1,2,1,3,1,1,0,1,1,"16"
"Africa_fishery_unit346","Country23","Africa",2,2,1,1,3,2,1,3,2,1,0,3,0,"21"
"Africa_fishery_unit347","Country23","Africa",1,2,1,1,1,2,1,3,1,1,0,1,0,"15"
"Africa_fishery_unit348","Country23","Africa",1,2,1,1,1,2,1,3,1,1,0,1,0,"15"
"Africa_fishery_unit349","Country23","Africa",1,2,1,1,1,2,1,3,1,1,0,1,0,"15"
"Africa_fishery_unit350","Country23","Africa",1,2,1,1,1,2,1,3,1,1,0,1,0,"15"
"Africa_fishery_unit351","Country23","Africa",1,1,1,1,1,1,1,3,0,0,0,1,0,"11"
"Africa_fishery_unit352","Country23","Africa",1,1,1,1,1,1,1,3,0,1,0,1,0,"12"
"Africa_fishery_unit353","Country23","Africa",1,1,1,1,1,1,1,3,0,1,0,1,0,"12"
"Africa_fishery_unit354","Country23","Africa",1,1,1,1,1,2,1,3,1,1,0,1,0,"14"
"Africa_fishery_unit355","Country23","Africa",1,2,1,1,1,2,1,3,1,1,0,1,1,"16"
"Africa_fishery_unit356","Country23","Africa",1,2,1,1,1,2,1,3,1,1,0,1,1,"16"
"Africa_fishery_unit357","Country23","Africa",1,2,1,1,1,2,1,3,1,1,0,1,0,"15"
"Africa_fishery_unit358","Country23","Africa",1,2,1,1,1,2,1,3,1,1,0,1,0,"15"
"Africa_fishery_unit359","Country23","Africa",1,2,1,1,1,2,1,3,1,1,0,0,0,"14"
"Africa_fishery_unit360","Country35","Africa",0,1,2,2,0,1,1,0,1,1,0,0,0,"9"
"Africa_fishery_unit361","Country35","Africa",0,1,2,2,0,1,1,0,1,1,0,1,0,"10"
"Africa_fishery_unit362","Country35","Africa",0,1,2,2,0,1,1,0,1,1,0,1,0,"10"
"Africa_fishery_unit363","Country35","Africa",0,1,2,2,0,1,1,0,1,1,0,0,0,"9"
"Africa_fishery_unit364","Country35","Africa",0,1,2,2,0,1,1,0,1,1,0,1,0,"10"
"Africa_fishery_unit365","Country35","Africa",0,1,2,2,0,1,1,0,1,1,0,1,0,"10"
"Africa_fishery_unit366","Country35","Africa",0,1,2,2,0,1,1,0,1,1,0,0,0,"9"
"Africa_fishery_unit367","Country35","Africa",0,2,2,2,0,1,1,0,1,1,0,0,0,"10"
"Africa_fishery_unit368","Country35","Africa",0,2,2,2,0,1,1,0,1,1,0,1,0,"11"
"Africa_fishery_unit369","Country35","Africa",0,2,2,2,0,1,1,0,1,1,0,1,0,"11"
"Africa_fishery_unit370","Country35","Africa",0,2,2,2,0,1,1,0,1,1,0,0,0,"10"
"Africa_fishery_unit371","Country35","Africa",0,2,2,2,0,1,1,0,1,1,0,1,0,"11"
"Africa_fishery_unit372","Country35","Africa",0,2,2,2,0,1,1,0,1,1,0,1,0,"11"
"Africa_fishery_unit373","Country35","Africa",0,2,2,2,0,1,1,0,1,1,0,0,0,"10"
"Africa_fishery_unit374","Country35","Africa",3,3,2,3,1,1,2,2,2,1,0,1,2,"23"
"Africa_fishery_unit375","Country35","Africa",0,1,2,0,0,1,1,0,0,0,0,0,0,"5"
"Africa_fishery_unit376","Country35","Africa",0,1,2,0,0,1,1,0,0,0,0,1,0,"6"
"Africa_fishery_unit377","Country35","Africa",3,3,2,3,1,1,2,2,2,1,0,0,2,"22"
"Africa_fishery_unit378","Country35","Africa",3,3,2,3,1,1,2,2,2,1,0,0,2,"22"
"Africa_fishery_unit379","Country35","Africa",3,3,0,3,1,1,2,2,2,1,0,1,2,"21"
"Africa_fishery_unit380","Country35","Africa",0,1,0,1,1,1,2,0,1,1,0,1,0,"9"
"Africa_fishery_unit381","Country35","Africa",3,3,2,3,3,1,3,2,2,1,0,3,0,"26"
"Africa_fishery_unit382","Country27","Africa",1,1,3,0,0,1,1,0,1,1,0,3,0,"12"
"Africa_fishery_unit383","Country27","Africa",1,1,3,0,0,1,1,0,1,1,0,3,0,"12"
"Africa_fishery_unit384","Country27","Africa",1,1,3,0,0,1,1,0,1,1,0,3,0,"12"
"Africa_fishery_unit385","Country27","Africa",1,1,3,0,0,1,1,0,1,1,0,3,0,"12"
"Africa_fishery_unit386","Country27","Africa",1,1,3,0,0,1,1,0,1,1,0,3,0,"12"
"Africa_fishery_unit387","Country27","Africa",1,1,3,0,0,1,1,0,1,1,0,3,0,"12"
"Africa_fishery_unit388","Country27","Africa",1,1,3,0,0,1,1,0,1,1,0,3,0,"12"
"Africa_fishery_unit389","Country27","Africa",1,1,3,0,0,1,1,0,1,1,0,3,0,"12"
"Africa_fishery_unit390","Country34","Africa",2,3,3,3,2,2,2,2,2,1,0,1,1,"24"
"Africa_fishery_unit391","Country34","Africa",1,2,3,3,2,2,2,2,1,1,0,1,0,"20"
"Africa_fishery_unit392","Country34","Africa",1,1,2,3,2,2,2,2,2,1,0,1,0,"19"
"Africa_fishery_unit393","Country34","Africa",1,2,2,3,0,2,2,2,2,1,0,1,0,"18"
"Africa_fishery_unit394","Country34","Africa",1,3,1,3,0,2,2,2,2,1,0,1,0,"18"
"Africa_fishery_unit395","Country14","Africa",1,2,3,3,2,2,2,2,2,1,0,1,0,"21"
"Africa_fishery_unit396","Country14","Africa",2,3,3,3,2,2,2,2,2,1,0,1,1,"24"
"Africa_fishery_unit397","Country14","Africa",1,2,2,3,0,2,2,2,2,1,0,1,0,"18"
"Africa_fishery_unit398","Country14","Africa",1,3,1,3,0,2,2,2,2,1,0,1,0,"18"
"Africa_fishery_unit399","Country15","Africa",1,2,3,3,2,2,2,2,2,1,0,1,0,"21"
"Africa_fishery_unit400","Country15","Africa",2,3,3,3,2,2,2,2,2,1,0,1,1,"24"
"Africa_fishery_unit401","Country15","Africa",1,2,2,3,0,2,2,2,2,1,0,1,0,"18"
"Africa_fishery_unit402","Country12","Africa",1,2,3,3,2,2,2,2,2,1,0,1,0,"21"
"Africa_fishery_unit403","Country12","Africa",2,3,3,3,2,2,2,2,2,1,0,1,1,"24"
"Africa_fishery_unit404","Country12","Africa",1,1,2,3,2,2,2,2,2,1,0,1,0,"19"
"Africa_fishery_unit405","Country12","Africa",1,2,2,3,0,2,2,2,2,1,0,1,0,"18"
"Africa_fishery_unit406","Country11","Africa",2,2,3,3,0,3,1,2,1,1,0,0,1,"19"
"Africa_fishery_unit407","Country11","Africa",2,3,3,3,0,3,1,2,1,1,0,0,1,"20"
"Africa_fishery_unit408","Country11","Africa",2,3,3,3,0,3,2,2,1,1,0,1,1,"22"
"Africa_fishery_unit409","Country11","Africa",2,3,3,3,0,3,2,2,1,1,0,1,1,"22"
"Africa_fishery_unit410","Country11","Africa",1,3,3,0,1,3,2,0,1,1,0,1,0,"16"
"Africa_fishery_unit411","Country11","Africa",2,3,3,2,0,3,2,1,1,0,0,1,1,"19"
"Africa_fishery_unit412","Country11","Africa",3,3,3,3,0,3,2,3,1,1,0,0,1,"23"
"Africa_fishery_unit413","Country11","Africa",3,3,3,3,0,3,2,3,1,1,0,0,1,"23"
"Africa_fishery_unit414","Country11","Africa",1,3,3,2,1,3,2,0,1,1,0,1,0,"18"
"Africa_fishery_unit415","Country11","Africa",1,0,3,1,0,0,0,0,0,0,0,0,0,"5"
"Africa_fishery_unit416","Country11","Africa",3,3,3,2,0,3,2,3,1,1,0,1,1,"23"
"Africa_fishery_unit417","Country11","Africa",2,3,3,3,0,3,1,0,1,1,0,1,1,"19"
"Africa_fishery_unit418","Country11","Africa",1,1,3,1,0,1,2,0,1,1,0,1,1,"13"
"Africa_fishery_unit419","Country11","Africa",3,1,1,0,0,0,2,0,1,1,0,1,1,"11"
"Africa_fishery_unit420","Country11","Africa",2,3,3,0,0,3,2,0,1,1,0,1,1,"17"
"Africa_fishery_unit421","Country11","Africa",1,3,3,0,1,3,2,0,1,1,0,1,0,"16"
"Africa_fishery_unit422","Country11","Africa",0,1,3,3,0,3,2,3,1,1,0,0,0,"17"
"Africa_fishery_unit423","Country11","Africa",0,1,3,3,0,3,2,3,1,1,0,0,0,"17"
"Africa_fishery_unit424","Country11","Africa",0,1,3,3,0,3,2,3,1,1,0,0,0,"17"
"Africa_fishery_unit425","Country11","Africa",0,1,3,3,0,3,2,3,1,1,0,0,0,"17"
"Africa_fishery_unit426","Country11","Africa",0,1,3,3,0,3,2,3,1,1,0,0,0,"17"
"Africa_fishery_unit427","Country11","Africa",0,1,3,3,0,3,2,3,1,1,0,0,0,"17"
"Africa_fishery_unit428","Country11","Africa",0,1,3,3,0,3,2,3,1,1,0,0,0,"17"
"Africa_fishery_unit429","Country11","Africa",1,1,3,3,0,3,2,3,1,1,1,1,0,"20"
"Africa_fishery_unit430","Country11","Africa",1,1,3,3,1,3,2,3,1,1,0,0,0,"19"
"Africa_fishery_unit431","Country11","Africa",1,1,3,3,0,3,2,3,1,1,1,1,0,"20"
"Africa_fishery_unit432","Country11","Africa",1,1,3,3,0,3,2,3,1,1,1,0,0,"19"
"Africa_fishery_unit433","Country11","Africa",1,2,3,3,1,3,2,3,1,1,0,0,0,"20"
"Africa_fishery_unit434","Country11","Africa",3,3,3,3,0,3,2,3,1,1,0,1,2,"25"
"Africa_fishery_unit435","Country11","Africa",3,3,3,3,0,3,2,3,1,1,0,1,2,"25"
"Africa_fishery_unit436","Country11","Africa",3,3,3,3,0,3,2,3,1,1,0,1,2,"25"
"Africa_fishery_unit437","Country11","Africa",3,3,3,3,0,3,2,3,1,1,0,1,2,"25"
"Africa_fishery_unit438","Country11","Africa",3,3,3,3,0,3,2,3,1,1,0,1,2,"25"
"Africa_fishery_unit439","Country11","Africa",3,3,3,3,0,3,2,3,1,1,0,1,2,"25"
"Africa_fishery_unit440","Country11","Africa",3,3,3,3,0,3,2,3,1,1,0,1,2,"25"
"Africa_fishery_unit441","Country11","Africa",3,3,3,3,0,3,2,3,1,1,0,1,2,"25"
"Africa_fishery_unit442","Country11","Africa",3,3,3,3,0,3,2,3,1,1,0,1,2,"25"
"Africa_fishery_unit443","Country11","Africa",3,3,3,3,0,3,2,3,1,1,0,1,2,"25"
"Africa_fishery_unit444","Country11","Africa",3,3,3,1,0,3,2,3,1,1,0,1,2,"23"
"Africa_fishery_unit445","Country11","Africa",3,3,3,1,0,3,2,3,1,1,0,1,2,"23"
"Africa_fishery_unit446","Country11","Africa",3,3,3,1,0,3,2,3,1,1,0,1,2,"23"
"Africa_fishery_unit447","Country11","Africa",3,3,3,1,0,3,2,3,1,1,0,1,2,"23"
"Africa_fishery_unit448","Country11","Africa",3,3,3,1,0,3,2,3,1,1,0,1,2,"23"
"Africa_fishery_unit449","Country11","Africa",3,3,3,1,0,3,2,3,1,1,0,1,2,"23"
"Africa_fishery_unit450","Country11","Africa",3,3,3,1,0,3,2,3,1,1,0,1,2,"23"
"Africa_fishery_unit451","Country11","Africa",3,3,3,3,0,3,2,3,1,1,0,1,2,"25"
"Africa_fishery_unit452","Country11","Africa",3,3,3,1,0,3,2,3,1,1,0,1,2,"23"
"Africa_fishery_unit453","Country11","Africa",3,3,3,1,0,3,2,3,1,1,0,1,2,"23"
"Africa_fishery_unit454","Country11","Africa",3,3,3,1,0,3,2,3,1,1,0,1,2,"23"
"Africa_fishery_unit455","Country11","Africa",3,3,3,1,0,3,2,3,1,1,0,1,2,"23"
"Africa_fishery_unit456","Country11","Africa",3,3,3,1,0,3,2,3,1,1,0,1,2,"23"
"Africa_fishery_unit457","Country11","Africa",3,3,3,1,0,3,2,3,1,1,0,1,2,"23"
"Africa_fishery_unit458","Country11","Africa",3,3,3,1,0,3,2,3,1,1,0,0,2,"22"
"Africa_fishery_unit459","Country11","Africa",3,3,3,1,0,3,2,3,1,1,0,0,2,"22"
"Africa_fishery_unit460","Country11","Africa",1,2,3,1,1,3,2,1,1,1,0,0,0,"16"
"Africa_fishery_unit461","Country11","Africa",3,2,3,1,0,3,2,3,3,1,0,1,2,"24"
"Africa_fishery_unit462","Country11","Africa",3,2,3,1,0,3,2,3,3,1,0,1,2,"24"
"Africa_fishery_unit463","Country11","Africa",3,2,2,1,0,3,2,3,1,1,0,1,2,"21"
"Africa_fishery_unit464","Country11","Africa",1,2,3,1,1,3,2,3,1,1,0,0,0,"18"
"Africa_fishery_unit465","Country11","Africa",3,2,3,1,0,3,2,3,1,1,0,1,2,"22"
"Africa_fishery_unit466","Country11","Africa",3,2,3,1,0,3,2,3,1,1,0,1,2,"22"
"Africa_fishery_unit467","Country11","Africa",3,2,3,1,0,3,2,3,1,1,0,1,2,"22"
"Africa_fishery_unit468","Country11","Africa",3,2,3,1,0,3,2,3,1,1,0,1,2,"22"
"Africa_fishery_unit469","Country11","Africa",3,2,3,1,0,3,2,3,1,1,0,1,2,"22"
"Africa_fishery_unit470","Country11","Africa",1,2,3,1,1,3,2,3,1,1,0,0,0,"18"
"Africa_fishery_unit471","Country11","Africa",3,3,3,1,0,0,2,3,1,1,0,1,1,"19"
"Africa_fishery_unit472","Country11","Africa",3,3,3,1,0,0,2,3,1,1,0,1,1,"19"
"Africa_fishery_unit473","Country11","Africa",3,3,3,1,0,0,2,3,1,1,0,1,1,"19"
"Africa_fishery_unit474","Country11","Africa",3,3,3,1,0,0,2,3,1,1,0,1,1,"19"
"Africa_fishery_unit475","Country11","Africa",3,3,3,1,0,0,2,3,1,1,0,1,1,"19"
"Africa_fishery_unit476","Country11","Africa",1,1,3,1,0,3,1,3,1,1,0,1,0,"16"
"Africa_fishery_unit477","Country11","Africa",1,1,3,1,0,3,1,3,1,1,0,1,0,"16"
"Africa_fishery_unit478","Country11","Africa",1,1,3,1,0,3,1,3,1,1,0,1,0,"16"
"Africa_fishery_unit479","Country11","Africa",1,1,3,1,0,3,1,3,1,1,0,1,0,"16"
"Africa_fishery_unit480","Country11","Africa",1,1,3,1,0,3,1,3,1,1,0,1,0,"16"
"Africa_fishery_unit481","Country11","Africa",1,3,3,1,2,3,2,3,1,1,0,1,1,"22"
"Africa_fishery_unit482","Country11","Africa",1,3,3,1,2,3,2,3,1,1,0,1,1,"22"
"Africa_fishery_unit483","Country11","Africa",1,3,3,1,2,3,2,3,1,1,0,1,1,"22"
"Africa_fishery_unit484","Country11","Africa",1,3,3,1,2,3,2,3,1,1,0,1,1,"22"
"Africa_fishery_unit485","Country11","Africa",1,3,3,1,2,3,2,3,1,1,0,0,1,"21"
"Africa_fishery_unit486","Country11","Africa",1,3,3,1,2,3,2,3,1,1,0,0,1,"21"
"Africa_fishery_unit487","Country11","Africa",1,3,3,1,2,3,2,3,1,1,0,0,1,"21"
"Africa_fishery_unit488","Country11","Africa",1,3,3,1,2,3,2,3,1,1,0,0,1,"21"
"Africa_fishery_unit489","Country11","Africa",1,3,3,1,1,3,2,3,1,1,0,0,0,"19"
"Africa_fishery_unit490","Country11","Africa",1,3,3,1,1,3,2,3,1,1,0,1,0,"20"
"Africa_fishery_unit491","Country11","Africa",1,3,3,1,1,3,2,3,1,1,0,1,0,"20"
"Africa_fishery_unit492","Country11","Africa",1,3,3,1,1,3,2,3,1,1,0,1,0,"20"
"Africa_fishery_unit493","Country40","Africa",1,0,3,0,3,2,1,0,1,0,0,1,0,"12"
"Africa_fishery_unit494","Country40","Africa",1,0,3,0,1,3,1,1,1,0,0,1,0,"12"
"Africa_fishery_unit495","Country40","Africa",0,0,3,0,0,2,1,0,1,0,0,0,0,"7"
"Africa_fishery_unit496","Country40","Africa",3,1,1,1,2,2,1,1,1,1,1,1,1,"17"
"Africa_fishery_unit497","Country40","Africa",1,0,3,0,3,2,2,0,1,0,0,1,0,"13"
"Africa_fishery_unit498","Country40","Africa",1,0,1,3,1,2,2,1,2,1,1,0,1,"16"
"Africa_fishery_unit499","Country40","Africa",1,0,3,0,3,2,2,0,1,0,0,1,0,"13"
"Africa_fishery_unit500","Country40","Africa",1,1,3,3,1,3,2,1,1,1,1,0,0,"18"
"Africa_fishery_unit501","Country40","Africa",1,1,3,0,1,2,1,0,1,1,0,0,0,"11"
"Africa_fishery_unit502","Country40","Africa",1,1,3,0,1,2,1,0,1,1,0,0,0,"11"
"Africa_fishery_unit503","Country40","Africa",1,1,3,0,1,2,1,0,1,1,0,0,0,"11"
"Africa_fishery_unit504","Country40","Africa",1,1,3,0,1,2,1,0,1,1,0,0,0,"11"
"Africa_fishery_unit505","Country40","Africa",1,1,3,0,1,2,1,0,1,1,0,0,0,"11"
"Africa_fishery_unit506","Country40","Africa",1,1,3,0,1,2,1,0,1,1,0,0,0,"11"
"Africa_fishery_unit507","Country40","Africa",1,1,3,0,1,2,1,0,1,1,0,0,0,"11"
"Africa_fishery_unit508","Country40","Africa",1,1,3,0,1,2,1,0,1,1,0,0,0,"11"
"Africa_fishery_unit509","Country40","Africa",3,1,1,1,2,2,1,1,1,1,1,1,1,"17"
"Africa_fishery_unit510","Country40","Africa",3,1,1,1,2,2,1,1,1,1,1,1,1,"17"
"Africa_fishery_unit511","Country40","Africa",1,1,3,0,1,2,1,0,1,1,0,0,0,"11"
"Africa_fishery_unit512","Country40","Africa",1,1,3,0,1,2,1,0,1,1,0,0,0,"11"
"Africa_fishery_unit513","Country40","Africa",1,1,3,0,1,2,1,0,1,1,0,0,0,"11"
"Africa_fishery_unit514","Country40","Africa",3,1,1,1,2,2,1,1,1,1,1,1,1,"17"
"Africa_fishery_unit515","Country40","Africa",3,1,1,1,2,2,1,1,1,1,1,1,1,"17"
"Africa_fishery_unit516","Country40","Africa",1,1,3,0,1,2,1,0,1,1,0,0,0,"11"
"Africa_fishery_unit517","Country40","Africa",3,1,1,1,2,2,1,1,1,1,1,1,1,"17"
"Africa_fishery_unit518","Country40","Africa",1,1,3,3,1,3,2,1,1,1,1,0,0,"18"
"Africa_fishery_unit519","Country40","Africa",3,1,1,1,2,2,1,1,1,1,1,1,1,"17"
"Africa_fishery_unit520","Country40","Africa",3,1,1,1,2,2,1,1,1,1,1,1,1,"17"
"Africa_fishery_unit521","Country40","Africa",1,1,3,0,1,2,1,0,1,1,0,0,0,"11"
"Africa_fishery_unit522","Country40","Africa",1,1,3,0,1,2,1,0,1,1,0,0,0,"11"
"Africa_fishery_unit523","Country25","Africa",1,1,3,3,0,3,2,0,1,1,0,1,1,"17"
"Africa_fishery_unit524","Country25","Africa",0,1,3,3,0,3,2,0,1,1,0,2,0,"16"
"Africa_fishery_unit525","Country25","Africa",2,3,3,3,0,3,2,0,1,1,0,1,1,"20"
"Africa_fishery_unit526","Country25","Africa",1,3,3,3,0,3,2,0,1,1,0,1,1,"19"
"Africa_fishery_unit527","Country25","Africa",1,2,1,3,3,3,3,0,1,1,0,0,1,"19"
"Africa_fishery_unit528","Country25","Africa",2,2,3,3,0,3,2,0,1,1,0,1,1,"19"
"Africa_fishery_unit529","Country25","Africa",3,1,3,3,0,3,2,0,1,1,0,3,0,"20"
"Africa_fishery_unit530","Country20","Africa",1,1,3,3,1,1,2,2,1,1,0,1,2,"19"
"Africa_fishery_unit531","Country36","Africa",1,1,3,3,1,1,1,2,2,1,0,1,1,"18"
"Africa_fishery_unit532","Country36","Africa",1,1,3,3,1,1,1,2,2,1,0,1,1,"18"
"Africa_fishery_unit533","Country36","Africa",2,1,3,3,3,1,3,2,2,1,0,1,1,"23"
"Africa_fishery_unit534","Country36","Africa",1,1,3,3,1,1,1,2,2,1,0,1,1,"18"
"Africa_fishery_unit535","Country36","Africa",2,1,3,3,1,1,2,2,2,1,0,1,1,"20"
"Africa_fishery_unit536","Country36","Africa",1,1,3,3,1,1,2,2,2,1,0,1,1,"19"
"Africa_fishery_unit537","Country36","Africa",1,1,3,3,1,1,2,2,2,1,0,1,1,"19"
"Africa_fishery_unit538","Country36","Africa",2,1,3,3,1,1,2,2,2,1,0,1,1,"20"
"Africa_fishery_unit539","Country36","Africa",2,1,3,3,1,1,2,2,2,1,0,1,1,"20"
"Africa_fishery_unit540","Country36","Africa",2,1,3,3,1,1,2,2,2,1,0,1,1,"20"
"Africa_fishery_unit541","Country36","Africa",2,1,3,3,1,1,2,2,2,1,0,1,1,"20"
"Africa_fishery_unit542","Country36","Africa",2,1,3,3,1,1,2,2,2,1,0,1,1,"20"
"Africa_fishery_unit543","Country36","Africa",2,1,3,3,1,1,3,2,2,1,0,1,1,"21"
"Africa_fishery_unit544","Country36","Africa",2,1,3,3,1,1,3,2,2,1,0,1,1,"21"
"Africa_fishery_unit545","Country36","Africa",2,1,3,3,1,1,3,2,2,1,0,1,1,"21"
"Africa_fishery_unit546","Country36","Africa",2,1,3,3,1,1,3,2,2,1,0,1,1,"21"
"Africa_fishery_unit547","Country36","Africa",1,1,3,3,1,1,1,2,2,1,0,1,1,"18"
"Africa_fishery_unit548","Country36","Africa",1,1,3,3,1,1,1,2,2,1,0,1,1,"18"
"Africa_fishery_unit549","Country36","Africa",1,1,3,3,1,1,1,2,2,1,0,1,1,"18"
"Africa_fishery_unit550","Country36","Africa",1,1,3,3,1,1,1,2,2,1,0,1,1,"18"
"Africa_fishery_unit551","Country36","Africa",1,1,3,3,1,1,1,2,2,1,0,1,1,"18"
"Africa_fishery_unit552","Country36","Africa",1,1,3,3,1,1,1,2,2,1,0,1,1,"18"
"Africa_fishery_unit553","Country36","Africa",1,1,3,3,1,1,1,2,2,1,0,1,1,"18"
"Africa_fishery_unit554","Country36","Africa",1,1,3,3,1,1,1,2,2,1,0,1,1,"18"
"Africa_fishery_unit555","Country36","Africa",1,1,3,3,1,1,1,2,2,1,0,1,1,"18"
"Africa_fishery_unit556","Country36","Africa",1,1,3,3,1,1,1,2,2,1,0,1,1,"18"
"Africa_fishery_unit557","Country36","Africa",1,1,3,3,1,1,1,2,2,1,0,1,1,"18"
"Africa_fishery_unit558","Country36","Africa",1,1,3,3,1,1,1,2,2,1,0,1,1,"18"
"Africa_fishery_unit559","Country36","Africa",1,1,3,3,1,1,1,2,2,1,0,1,1,"18"
"Africa_fishery_unit560","Country36","Africa",1,1,3,3,1,1,1,2,2,1,0,1,1,"18"
"Africa_fishery_unit561","Country36","Africa",1,1,3,3,1,1,1,2,2,1,0,1,1,"18"
"Africa_fishery_unit562","Country36","Africa",1,1,3,3,1,1,1,2,2,1,0,1,1,"18"
"Africa_fishery_unit563","Country36","Africa",1,1,3,3,1,1,1,2,2,1,0,1,1,"18"
"Africa_fishery_unit564","Country36","Africa",1,1,3,3,1,1,1,2,2,1,0,1,1,"18"
"Africa_fishery_unit565","Country36","Africa",1,1,3,3,1,1,1,2,2,1,0,1,1,"18"
"Africa_fishery_unit566","Country36","Africa",1,1,3,3,1,1,1,2,2,1,0,1,1,"18"
"Africa_fishery_unit567","Country36","Africa",1,1,3,3,1,1,1,2,2,1,0,1,1,"18"
"Africa_fishery_unit568","Country36","Africa",1,1,3,3,1,1,1,2,2,1,0,1,1,"18"
"Africa_fishery_unit569","Country36","Africa",1,1,3,3,1,1,1,2,2,1,0,1,1,"18"
"Africa_fishery_unit570","Country36","Africa",1,1,3,3,1,1,1,2,2,1,0,1,1,"18"
"Africa_fishery_unit571","Country36","Africa",1,1,3,3,1,1,1,2,2,1,0,1,1,"18"
"Africa_fishery_unit572","Country36","Africa",1,1,3,3,1,1,1,2,2,1,0,1,1,"18"
"Africa_fishery_unit573","Country36","Africa",1,1,3,3,1,1,1,2,2,1,0,1,1,"18"
"Africa_fishery_unit574","Country36","Africa",1,1,3,3,1,1,1,2,2,1,0,1,1,"18"
"Africa_fishery_unit575","Country36","Africa",1,1,3,3,1,1,1,2,2,1,0,1,1,"18"
"Africa_fishery_unit576","Country36","Africa",1,1,3,3,1,1,1,2,2,1,0,1,1,"18"
"Africa_fishery_unit577","Country36","Africa",1,1,3,3,1,1,1,2,2,1,0,1,1,"18"
"Africa_fishery_unit578","Country36","Africa",1,1,3,3,1,1,1,2,2,1,0,1,1,"18"
"Africa_fishery_unit579","Country36","Africa",1,1,3,3,1,1,1,2,2,1,0,1,1,"18"
"Africa_fishery_unit580","Country36","Africa",1,1,3,3,1,1,1,2,2,1,0,1,1,"18"
"Africa_fishery_unit581","Country36","Africa",1,1,3,3,1,1,1,2,2,1,0,1,1,"18"
"Africa_fishery_unit582","Country36","Africa",1,1,3,3,1,1,1,2,2,1,0,1,1,"18"
"Africa_fishery_unit583","Country36","Africa",1,1,3,3,1,1,1,2,2,1,0,1,1,"18"
"Africa_fishery_unit584","Country36","Africa",1,1,3,3,1,1,1,2,2,1,0,1,1,"18"
"Africa_fishery_unit585","Country7","Africa",2,3,2,3,3,3,1,3,3,3,0,3,3,"32"
"Americas_fishery_unit1","Country31","Americas",1,1,3,3,0,1,1,0,1,2,0,0,1,"14"
"Americas_fishery_unit2","Country31","Americas",1,1,2,3,0,1,1,0,1,2,0,0,1,"13"
"Americas_fishery_unit3","Country31","Americas",1,2,3,3,0,1,1,0,1,2,1,3,1,"19"
"Americas_fishery_unit4","Country31","Americas",1,1,3,3,0,1,1,0,1,1,0,0,1,"13"
"Americas_fishery_unit5","Country31","Americas",1,1,3,3,0,1,1,0,1,2,0,0,1,"14"
"Americas_fishery_unit6","Country13","Americas",1,1,3,0,3,3,2,1,1,1,1,1,1,"19"
"Americas_fishery_unit7","Country13","Americas",1,1,3,0,3,3,2,1,1,1,1,1,1,"19"
"Americas_fishery_unit8","Country13","Americas",1,1,3,0,3,3,2,1,1,1,1,1,1,"19"
"Americas_fishery_unit9","Country13","Americas",1,1,3,0,3,3,2,1,1,1,1,1,1,"19"
"Americas_fishery_unit10","Country13","Americas",1,1,3,0,3,3,2,1,1,1,1,1,1,"19"
"Americas_fishery_unit11","Country13","Americas",1,1,3,0,3,3,2,1,1,1,1,1,1,"19"
"Americas_fishery_unit12","Country13","Americas",1,1,3,0,3,3,2,1,1,1,1,1,1,"19"
"Americas_fishery_unit13","Country13","Americas",1,1,3,0,3,3,2,1,1,1,1,1,1,"19"
"Americas_fishery_unit14","Country13","Americas",1,1,3,0,3,3,2,1,1,1,1,1,1,"19"
"Americas_fishery_unit15","Country13","Americas",1,1,3,0,3,3,2,1,1,1,1,1,1,"19"
"Americas_fishery_unit16","Country13","Americas",1,1,3,0,3,3,2,1,1,1,1,1,1,"19"
"Americas_fishery_unit17","Country13","Americas",1,1,3,0,3,3,2,1,1,1,1,1,1,"19"
"Americas_fishery_unit18","Country13","Americas",1,1,3,0,3,3,2,1,1,1,1,1,1,"19"
"Americas_fishery_unit19","Country13","Americas",1,1,3,0,3,3,2,1,1,1,1,1,1,"19"
"Americas_fishery_unit20","Country13","Americas",1,1,3,0,3,3,2,1,1,1,1,1,1,"19"
"Americas_fishery_unit21","Country13","Americas",1,1,3,0,3,3,2,1,1,1,1,1,1,"19"
"Americas_fishery_unit22","Country13","Americas",1,1,3,0,3,3,2,1,1,1,1,1,1,"19"
"Americas_fishery_unit23","Country13","Americas",1,1,3,0,3,3,2,1,1,1,1,1,1,"19"
"Americas_fishery_unit24","Country13","Americas",1,1,3,0,3,3,2,1,1,1,1,1,1,"19"
"Americas_fishery_unit25","Country13","Americas",1,1,3,0,3,3,2,1,1,1,1,1,1,"19"
"Americas_fishery_unit26","Country13","Americas",1,1,3,0,3,3,2,1,1,1,1,1,1,"19"
"Americas_fishery_unit27","Country13","Americas",1,1,3,0,3,3,2,1,1,1,1,1,1,"19"
"Americas_fishery_unit28","Country13","Americas",1,1,3,0,3,3,2,1,1,1,1,1,1,"19"
"Americas_fishery_unit29","Country13","Americas",1,1,3,0,3,3,2,1,1,1,1,1,1,"19"
"Americas_fishery_unit30","Country13","Americas",1,1,3,0,3,3,2,1,1,1,1,1,1,"19"
"Americas_fishery_unit31","Country13","Americas",1,1,3,0,3,3,2,1,1,1,1,3,1,"21"
"Americas_fishery_unit32","Country13","Americas",1,1,3,0,3,3,2,1,1,1,1,1,1,"19"
"Americas_fishery_unit33","Country13","Americas",1,1,3,0,3,3,2,1,1,1,1,1,1,"19"
"Americas_fishery_unit34","Country13","Americas",1,1,3,0,3,3,2,1,1,1,1,1,1,"19"
"Americas_fishery_unit35","Country13","Americas",1,1,3,0,3,3,2,1,1,1,1,1,1,"19"
"Americas_fishery_unit36","Country13","Americas",1,1,3,0,3,3,2,1,1,1,1,1,1,"19"
"Americas_fishery_unit37","Country13","Americas",1,1,3,0,3,3,2,1,1,1,1,1,1,"19"
"Americas_fishery_unit38","Country13","Americas",1,1,3,0,3,3,2,1,1,1,1,0,1,"18"
"Americas_fishery_unit39","Country13","Americas",1,1,3,0,3,3,2,1,1,1,1,1,1,"19"
"Americas_fishery_unit40","Country13","Americas",1,1,3,0,3,3,2,1,1,1,1,1,1,"19"
"Americas_fishery_unit41","Country13","Americas",1,1,3,0,3,3,2,1,1,1,1,1,1,"19"
"Americas_fishery_unit42","Country13","Americas",1,1,3,0,3,3,2,1,1,1,1,1,1,"19"
"Americas_fishery_unit43","Country13","Americas",1,1,3,0,3,3,2,1,1,1,1,1,1,"19"
"Americas_fishery_unit44","Country13","Americas",1,1,3,0,3,3,2,1,1,1,1,1,1,"19"
"Americas_fishery_unit45","Country29","Americas",1,1,3,0,1,1,2,2,1,1,1,3,2,"19"
"Americas_fishery_unit46","Country29","Americas",1,3,3,0,1,1,2,2,2,2,2,3,2,"24"
"Americas_fishery_unit47","Country29","Americas",1,3,3,3,3,1,1,2,2,2,2,3,2,"28"
"Americas_fishery_unit48","Country29","Americas",1,1,3,2,1,1,2,0,1,1,0,1,1,"15"
"Americas_fishery_unit49","Country29","Americas",1,2,3,3,1,1,2,2,1,2,0,1,2,"21"
"Americas_fishery_unit50","Country29","Americas",3,3,3,2,1,1,2,2,2,2,1,1,2,"25"
"Americas_fishery_unit51","Country29","Americas",2,2,3,0,2,1,2,0,1,2,0,1,2,"18"
"Americas_fishery_unit52","Country29","Americas",3,3,3,0,1,1,2,2,2,2,1,1,2,"23"
"Americas_fishery_unit53","Country29","Americas",2,3,3,1,3,3,3,3,2,2,2,0,3,"30"
"Americas_fishery_unit54","Country29","Americas",0,1,3,0,0,0,1,0,1,1,0,0,0,"7"
"Americas_fishery_unit55","Country29","Americas",2,0,3,0,0,1,2,0,0,0,0,0,0,"8"
"Americas_fishery_unit56","Country29","Americas",2,1,3,0,2,1,1,2,1,1,1,0,1,"16"
"Americas_fishery_unit57","Country29","Americas",1,1,3,3,1,1,2,0,1,0,0,0,1,"14"
"Americas_fishery_unit58","Country29","Americas",1,3,3,3,3,1,3,2,2,1,0,0,2,"24"
"Americas_fishery_unit59","Country29","Americas",0,1,1,0,1,0,1,0,1,1,2,3,2,"13"
"Americas_fishery_unit60","Country29","Americas",0,0,1,0,1,0,1,0,0,0,0,0,1,"4"
"Americas_fishery_unit61","Country33","Americas",0,3,3,2,0,1,1,2,1,1,0,0,0,"14"
"Americas_fishery_unit62","Country33","Americas",0,3,3,2,0,1,1,2,1,1,0,1,0,"15"
"Americas_fishery_unit63","Country33","Americas",0,3,3,3,0,1,1,2,1,1,0,1,0,"16"
"Americas_fishery_unit64","Country33","Americas",0,3,3,3,0,1,1,2,1,1,0,0,0,"15"
"Americas_fishery_unit65","Country33","Americas",0,3,3,3,0,1,1,2,1,1,0,1,0,"16"
"Americas_fishery_unit66","Country33","Americas",0,3,3,3,0,1,1,2,1,1,0,0,0,"15"
"Americas_fishery_unit67","Country33","Americas",0,3,3,2,0,1,1,2,1,1,0,1,0,"15"
"Americas_fishery_unit68","Country33","Americas",0,3,3,3,0,1,1,2,1,1,0,1,0,"16"
"Americas_fishery_unit69","Country33","Americas",0,3,3,3,0,1,1,2,1,1,0,0,0,"15"
"Americas_fishery_unit70","Country33","Americas",0,3,3,2,0,1,1,2,1,1,0,1,0,"15"
"Americas_fishery_unit71","Country33","Americas",0,3,3,3,0,1,1,2,1,1,0,0,0,"15"
"Americas_fishery_unit72","Country33","Americas",0,0,3,3,0,1,1,2,1,1,0,0,0,"12"
"Americas_fishery_unit73","Country33","Americas",0,0,3,3,0,1,1,2,1,1,0,0,0,"12"
"Americas_fishery_unit74","Country33","Americas",0,0,3,2,0,1,1,2,1,1,0,0,0,"11"
"Americas_fishery_unit75","Country33","Americas",0,0,3,3,0,1,1,2,1,1,0,0,0,"12"
"Americas_fishery_unit76","Country33","Americas",0,0,3,3,0,1,1,2,1,1,0,0,0,"12"
"Americas_fishery_unit77","Country33","Americas",0,0,3,3,0,1,1,2,1,1,0,0,0,"12"
"Americas_fishery_unit78","Country33","Americas",0,0,3,3,0,1,1,2,1,1,0,0,0,"12"
"Americas_fishery_unit79","Country33","Americas",0,0,3,3,0,1,1,2,1,1,0,0,0,"12"
"Americas_fishery_unit80","Country33","Americas",0,2,3,3,0,1,1,2,1,1,0,0,0,"14"
"Americas_fishery_unit81","Country33","Americas",0,0,3,2,0,1,1,2,1,1,0,0,0,"11"
"Americas_fishery_unit82","Country33","Americas",0,2,3,3,0,1,1,2,1,1,0,0,0,"14"
"Americas_fishery_unit83","Country33","Americas",0,0,3,2,0,1,1,2,1,1,0,0,0,"11"
"Americas_fishery_unit84","Country33","Americas",0,0,3,3,0,1,1,2,1,1,0,0,0,"12"
"Americas_fishery_unit85","Country33","Americas",0,0,3,2,0,1,1,2,1,1,0,0,0,"11"
"Americas_fishery_unit86","Country33","Americas",0,0,3,2,0,1,1,2,1,1,0,0,0,"11"
"Americas_fishery_unit87","Country33","Americas",0,2,3,2,0,1,1,2,1,1,0,0,0,"13"
"Americas_fishery_unit88","Country33","Americas",0,0,3,2,0,1,1,2,1,1,0,0,0,"11"
"Americas_fishery_unit89","Country33","Americas",0,0,3,2,0,1,1,2,1,1,0,0,0,"11"
"Americas_fishery_unit90","Country33","Americas",0,0,3,2,0,1,1,2,1,1,0,0,0,"11"
"Americas_fishery_unit91","Country33","Americas",0,0,3,2,0,1,1,2,1,1,0,0,0,"11"
"Americas_fishery_unit92","Country33","Americas",0,0,3,3,0,1,1,2,1,1,0,0,0,"12"
"Americas_fishery_unit93","Country33","Americas",0,0,3,2,0,1,1,2,1,1,0,0,0,"11"
"Americas_fishery_unit94","Country33","Americas",0,0,3,2,0,1,1,2,1,1,0,0,0,"11"
"Americas_fishery_unit95","Country33","Americas",0,0,3,2,0,1,1,2,1,1,0,0,0,"11"
"Americas_fishery_unit96","Country33","Americas",0,0,3,2,0,1,1,2,1,1,0,0,0,"11"
"Americas_fishery_unit97","Country33","Americas",0,0,3,0,0,1,1,2,1,1,0,0,0,"9"
"Americas_fishery_unit98","Country33","Americas",0,0,3,2,0,1,1,2,1,1,0,0,0,"11"
"Americas_fishery_unit99","Country33","Americas",0,0,3,2,0,1,1,2,1,1,0,0,0,"11"
"Americas_fishery_unit100","Country33","Americas",0,0,3,2,0,1,1,2,1,1,0,0,0,"11"
"Americas_fishery_unit101","Country33","Americas",0,0,3,2,0,1,1,2,1,1,0,0,0,"11"
"Americas_fishery_unit102","Country33","Americas",0,0,3,3,0,1,1,2,1,1,0,0,0,"12"
"Americas_fishery_unit103","Country33","Americas",0,0,3,3,0,1,1,2,1,1,0,0,0,"12"
"Americas_fishery_unit104","Country5","Americas",1,1,3,3,3,2,3,0,2,2,0,1,0,"21"
"Americas_fishery_unit105","Country5","Americas",1,0,3,3,3,2,3,0,1,1,0,0,0,"17"
"Americas_fishery_unit106","Country5","Americas",1,0,3,3,3,2,3,0,1,0,0,0,0,"16"
"Americas_fishery_unit107","Country5","Americas",1,0,3,2,3,2,3,0,1,1,0,0,0,"16"
"Americas_fishery_unit108","Country5","Americas",1,0,3,2,3,2,3,0,1,0,0,0,0,"15"
"Americas_fishery_unit109","Country5","Americas",1,0,3,3,3,2,3,0,2,2,0,0,0,"19"
"Americas_fishery_unit110","Country5","Americas",1,0,3,2,3,2,3,0,1,1,0,0,0,"16"
"Americas_fishery_unit111","Country5","Americas",1,0,3,2,3,2,3,0,1,0,0,0,0,"15"
"Americas_fishery_unit112","Country5","Americas",1,0,3,3,3,2,3,0,2,2,0,0,0,"19"
"Americas_fishery_unit113","Country5","Americas",1,0,3,2,3,2,3,0,1,1,0,0,0,"16"
"Americas_fishery_unit114","Country5","Americas",1,0,3,2,3,2,3,0,1,0,0,0,0,"15"
"Americas_fishery_unit115","Country5","Americas",1,0,3,3,3,2,3,0,2,2,0,0,0,"19"
"Americas_fishery_unit116","Country5","Americas",1,0,3,2,3,2,3,0,1,1,0,0,0,"16"
"Americas_fishery_unit117","Country5","Americas",1,0,3,2,3,2,3,0,1,0,0,0,0,"15"
"Americas_fishery_unit118","Country5","Americas",1,0,3,2,3,2,3,0,2,2,0,0,0,"18"
"Americas_fishery_unit119","Country5","Americas",1,0,3,2,3,2,3,0,1,0,0,0,0,"15"
"Americas_fishery_unit120","Country5","Americas",1,1,3,2,3,2,3,0,1,0,0,1,0,"17"
"Americas_fishery_unit121","Country5","Americas",1,0,3,0,3,2,3,0,0,0,0,0,0,"12"
"Americas_fishery_unit122","Country5","Americas",1,0,3,1,3,2,3,0,1,1,0,0,0,"15"
"Americas_fishery_unit123","Country5","Americas",1,1,3,2,3,2,3,0,2,2,0,1,0,"20"
"Americas_fishery_unit124","Country5","Americas",1,1,3,2,3,2,3,0,2,2,0,1,0,"20"
"Americas_fishery_unit125","Country5","Americas",1,0,3,2,3,2,3,0,1,1,0,0,0,"16"
"Americas_fishery_unit126","Country5","Americas",1,0,3,2,3,2,3,0,1,0,0,1,0,"16"
"Americas_fishery_unit127","Country5","Americas",1,1,3,3,3,2,3,0,1,0,0,1,0,"18"
"Americas_fishery_unit128","Country5","Americas",1,1,3,3,3,2,3,0,2,2,3,3,0,"26"
"Americas_fishery_unit129","Country5","Americas",1,1,3,2,2,2,2,0,1,1,0,1,0,"16"
"Americas_fishery_unit130","Country5","Americas",1,1,3,2,2,2,2,0,1,0,0,1,0,"15"
"Americas_fishery_unit131","Country5","Americas",1,1,3,2,2,2,2,0,1,1,0,1,0,"16"
"Americas_fishery_unit132","Country5","Americas",1,1,3,2,2,2,2,0,1,0,0,1,0,"15"
"Americas_fishery_unit133","Country5","Americas",1,1,3,2,3,2,3,0,1,1,0,1,0,"18"
"Americas_fishery_unit134","Country5","Americas",1,1,3,2,3,2,3,0,1,0,0,1,0,"17"
"Americas_fishery_unit135","Country5","Americas",1,1,3,3,3,2,3,0,2,2,0,1,0,"21"
"Americas_fishery_unit136","Country5","Americas",1,1,3,2,3,2,3,0,1,1,0,1,0,"18"
"Americas_fishery_unit137","Country5","Americas",1,1,3,2,3,2,3,0,1,0,0,1,0,"17"
"Americas_fishery_unit138","Country5","Americas",1,1,3,3,3,2,3,0,2,2,0,1,0,"21"
"Americas_fishery_unit139","Country5","Americas",1,1,3,3,2,2,2,0,1,1,0,1,0,"17"
"Americas_fishery_unit140","Country5","Americas",1,1,3,3,2,2,2,0,1,1,0,1,0,"17"
"Americas_fishery_unit141","Country5","Americas",1,1,3,3,3,2,3,0,1,1,0,1,0,"19"
"Americas_fishery_unit142","Country5","Americas",1,1,3,3,3,2,3,0,1,0,0,1,0,"18"
"Americas_fishery_unit143","Country5","Americas",1,1,3,3,2,2,2,0,1,1,0,1,0,"17"
"Americas_fishery_unit144","Country5","Americas",1,1,3,3,3,2,3,0,1,0,0,1,0,"18"
"Americas_fishery_unit145","Country5","Americas",1,1,3,3,3,2,3,0,1,0,0,1,0,"18"
"Americas_fishery_unit146","Country5","Americas",1,1,3,3,3,2,3,0,1,1,3,3,0,"24"
"Americas_fishery_unit147","Country5","Americas",1,1,3,3,3,2,3,0,1,0,3,3,0,"23"
"Americas_fishery_unit148","Country5","Americas",1,1,3,3,3,2,3,0,2,2,3,3,0,"26"
"Americas_fishery_unit149","Country5","Americas",1,1,3,3,3,2,3,0,1,1,3,3,0,"24"
"Americas_fishery_unit150","Country5","Americas",1,1,3,3,3,2,3,0,1,0,3,3,0,"23"
"Americas_fishery_unit151","Country5","Americas",1,1,3,3,3,2,3,0,2,2,3,3,0,"26"
"Americas_fishery_unit152","Country5","Americas",1,0,3,2,3,2,3,0,1,1,0,0,0,"16"
"Americas_fishery_unit153","Country5","Americas",1,1,3,3,2,2,2,0,1,1,0,1,0,"17"
"Americas_fishery_unit154","Country5","Americas",1,1,3,3,2,2,2,0,1,0,0,1,0,"16"
"Americas_fishery_unit155","Country5","Americas",1,1,3,3,2,2,2,0,2,2,0,1,0,"19"
"Americas_fishery_unit156","Country5","Americas",1,1,3,3,2,2,2,0,2,2,0,1,0,"19"
"Americas_fishery_unit157","Country5","Americas",1,1,3,3,2,2,2,0,2,2,0,1,0,"19"
"Americas_fishery_unit158","Country5","Americas",1,1,3,3,2,2,2,0,1,1,0,1,0,"17"
"Americas_fishery_unit159","Country5","Americas",1,1,3,3,2,2,2,0,2,2,0,1,0,"19"
"Americas_fishery_unit160","Country5","Americas",1,1,3,3,3,2,3,0,1,1,3,3,0,"24"
"Americas_fishery_unit161","Country5","Americas",1,1,3,3,3,2,3,0,1,1,0,0,0,"18"
"Americas_fishery_unit162","Country5","Americas",1,1,3,3,3,2,3,0,1,0,0,0,0,"17"
"Americas_fishery_unit163","Country5","Americas",1,1,3,3,3,2,3,0,2,2,0,0,0,"20"
"Americas_fishery_unit164","Country5","Americas",1,1,3,3,3,2,3,0,1,1,0,0,0,"18"
"Americas_fishery_unit165","Country5","Americas",1,1,3,3,3,2,3,0,1,0,0,0,0,"17"
"Americas_fishery_unit166","Country5","Americas",1,1,3,3,3,2,3,0,2,2,0,0,0,"20"
"Americas_fishery_unit167","Country5","Americas",1,1,3,3,3,2,3,0,1,0,0,1,0,"18"
"Americas_fishery_unit168","Country32","Americas",1,0,3,2,0,2,1,0,1,1,0,2,0,"13"
"Americas_fishery_unit169","Country32","Americas",1,0,3,2,0,2,1,0,1,1,0,0,0,"11"
"Americas_fishery_unit170","Country32","Americas",1,0,3,2,0,2,1,0,1,1,0,0,0,"11"
"Americas_fishery_unit171","Country32","Americas",1,0,3,2,0,2,1,0,1,1,0,0,0,"11"
"Americas_fishery_unit172","Country32","Americas",1,0,3,2,0,2,1,0,1,1,0,0,0,"11"
"Americas_fishery_unit173","Country32","Americas",1,0,1,2,0,2,1,0,1,1,0,0,0,"9"
"Americas_fishery_unit174","Country32","Americas",1,0,3,2,0,2,1,0,1,1,0,0,0,"11"
"Americas_fishery_unit175","Country3","Americas",0,1,0,0,0,1,1,0,1,1,0,0,0,"5"
"Americas_fishery_unit176","Country3","Americas",0,2,1,2,1,1,1,0,1,1,0,0,0,"10"
"Americas_fishery_unit177","Country3","Americas",2,3,1,2,2,2,2,2,1,1,0,0,2,"20"
"Americas_fishery_unit178","Country3","Americas",3,3,3,3,2,2,2,2,2,2,1,1,2,"28"
"Americas_fishery_unit179","Country1","Americas",1,1,3,2,1,0,1,0,1,1,0,1,0,"12"
"Americas_fishery_unit180","Country1","Americas",1,1,1,2,2,1,2,0,1,1,1,1,0,"14"
"Americas_fishery_unit181","Country1","Americas",2,3,1,3,3,2,2,2,1,2,2,3,2,"28"
"Americas_fishery_unit182","Country1","Americas",1,2,1,3,3,2,2,2,1,2,1,1,2,"23"
"Americas_fishery_unit183","Country1","Americas",0,1,1,3,3,2,2,0,1,1,1,1,0,"16"
"Americas_fishery_unit184","Country1","Americas",0,0,1,0,1,1,1,0,0,0,0,0,0,"4"
"Americas_fishery_unit185","Country1","Americas",0,1,1,3,3,2,2,0,1,1,1,1,0,"16"
"Americas_fishery_unit186","Country1","Americas",1,1,1,3,3,2,2,0,1,1,2,3,0,"20"
"Americas_fishery_unit187","Country1","Americas",1,1,1,2,1,2,1,0,1,1,1,0,0,"12"
"Americas_fishery_unit188","Country1","Americas",0,1,1,3,1,0,1,0,1,1,0,1,0,"10"
"Americas_fishery_unit189","Country1","Americas",0,1,2,2,3,0,2,0,1,1,0,1,0,"13"
"Americas_fishery_unit190","Country1","Americas",0,1,2,2,3,0,2,0,1,1,0,1,0,"13"
"Americas_fishery_unit191","Country1","Americas",1,1,1,3,3,0,2,0,1,1,3,3,1,"20"
"Americas_fishery_unit192","Country1","Americas",1,3,1,3,3,2,2,0,1,2,2,3,0,"23"
"Americas_fishery_unit193","Country1","Americas",1,3,3,3,3,2,2,0,1,2,2,3,0,"25"
"Americas_fishery_unit194","Country1","Americas",0,2,3,3,3,2,2,0,1,2,2,1,0,"21"
"Americas_fishery_unit195","Country1","Americas",0,1,1,2,3,1,2,0,1,1,0,1,0,"13"
"Americas_fishery_unit196","Country1","Americas",0,3,1,3,0,0,1,0,1,1,0,1,1,"12"
"Americas_fishery_unit197","Country1","Americas",1,1,2,3,3,1,2,0,1,1,1,1,0,"17"
"Americas_fishery_unit198","Country1","Americas",0,1,2,3,3,1,2,0,1,1,1,1,0,"16"
"Americas_fishery_unit199","Country1","Americas",1,3,1,3,3,1,2,0,1,1,1,1,0,"18"
"Americas_fishery_unit200","Country1","Americas",1,3,1,3,3,1,2,0,1,1,0,1,0,"17"
"Americas_fishery_unit201","Country1","Americas",0,1,2,0,0,1,0,0,1,1,1,1,0,"8"
"Americas_fishery_unit202","Country1","Americas",1,1,0,0,0,1,0,0,1,1,1,1,0,"7"
"Americas_fishery_unit203","Country1","Americas",0,0,2,0,1,0,2,0,0,0,0,0,0,"5"
"Americas_fishery_unit204","Country1","Americas",0,0,1,2,1,0,1,0,0,0,0,1,0,"6"
"Americas_fishery_unit205","Country1","Americas",1,1,1,3,2,1,2,2,1,1,0,1,1,"17"
"Americas_fishery_unit206","Country1","Americas",1,1,2,3,1,1,2,2,1,1,1,0,0,"16"
"Americas_fishery_unit207","Country1","Americas",0,0,0,0,0,1,1,0,0,0,0,0,0,"2"
"Americas_fishery_unit208","Country1","Americas",1,1,2,2,0,1,2,0,1,1,0,1,0,"12"
"Americas_fishery_unit209","Country1","Americas",1,1,1,3,2,1,2,2,1,1,3,3,1,"22"
"Americas_fishery_unit210","Country1","Americas",0,0,0,0,0,0,1,0,1,0,0,1,0,"3"
"Americas_fishery_unit211","Country1","Americas",0,0,0,0,0,0,1,0,0,0,0,0,0,"1"
"Americas_fishery_unit212","Country1","Americas",1,2,1,3,2,2,2,0,1,1,1,0,0,"16"
"Americas_fishery_unit213","Country1","Americas",0,0,0,0,3,1,2,0,1,0,0,0,0,"7"
"Americas_fishery_unit214","Country1","Americas",0,0,0,0,0,1,1,0,0,0,0,0,0,"2"
"Americas_fishery_unit215","Country1","Americas",0,1,2,2,2,2,2,0,1,1,1,0,0,"14"
"Americas_fishery_unit216","Country1","Americas",1,3,3,3,3,1,2,3,1,2,3,3,2,"30"
"Americas_fishery_unit217","Country1","Americas",0,0,0,0,0,0,1,0,0,0,0,0,0,"1"
"Americas_fishery_unit218","Country1","Americas",1,1,0,1,1,0,1,0,1,1,0,0,1,"8"
"Americas_fishery_unit219","Country1","Americas",0,0,0,0,1,0,1,0,0,0,0,0,0,"2"
"Americas_fishery_unit220","Country1","Americas",0,0,2,2,0,0,0,0,0,0,0,1,0,"5"
"Americas_fishery_unit221","Country1","Americas",0,1,2,3,0,0,0,0,1,1,0,1,0,"9"
"Americas_fishery_unit222","Country1","Americas",0,0,0,0,0,1,1,0,0,0,0,0,0,"2"
"Americas_fishery_unit223","Country1","Americas",0,1,2,2,2,0,1,0,1,1,0,0,0,"10"
"Americas_fishery_unit224","Country1","Americas",0,1,0,2,1,0,1,0,1,0,0,0,0,"6"
"Americas_fishery_unit225","Country1","Americas",0,0,0,0,1,0,1,0,0,0,0,0,0,"2"
"Americas_fishery_unit226","Country1","Americas",0,1,1,2,3,0,2,0,1,1,1,0,1,"13"
"Americas_fishery_unit227","Country1","Americas",0,0,0,0,0,1,1,0,0,0,0,0,0,"2"
"Americas_fishery_unit228","Country1","Americas",1,2,3,3,2,2,2,0,2,2,3,3,2,"27"
"Americas_fishery_unit229","Country1","Americas",0,1,2,2,1,0,1,0,1,1,0,0,0,"9"
"Americas_fishery_unit230","Country1","Americas",0,1,0,0,1,0,1,0,1,0,0,1,0,"5"
"Americas_fishery_unit231","Country1","Americas",0,0,0,0,1,0,1,0,0,0,0,0,0,"2"
"Americas_fishery_unit232","Country1","Americas",0,1,3,2,1,0,1,0,1,1,0,0,0,"10"
"Americas_fishery_unit233","Country1","Americas",0,0,0,0,1,0,1,0,0,0,0,0,0,"2"
"Americas_fishery_unit234","Country1","Americas",0,0,0,0,1,0,1,0,0,0,0,0,0,"2"
"Americas_fishery_unit235","Country1","Americas",0,0,1,0,0,0,1,0,0,0,0,0,0,"2"
"Americas_fishery_unit236","Country1","Americas",0,1,0,2,1,0,1,0,1,1,0,0,0,"7"
"Americas_fishery_unit237","Country1","Americas",0,0,0,0,1,0,1,0,0,0,0,1,0,"3"
"Americas_fishery_unit238","Country1","Americas",0,0,1,0,0,0,1,0,0,0,0,0,0,"2"
"Americas_fishery_unit239","Country1","Americas",0,1,1,2,1,1,1,0,1,0,0,0,0,"8"
"Americas_fishery_unit240","Country1","Americas",0,0,1,2,1,1,1,0,0,0,0,1,0,"7"
"Americas_fishery_unit241","Country1","Americas",0,0,1,0,0,0,1,0,0,0,0,0,0,"2"
"Americas_fishery_unit242","Country1","Americas",0,1,2,2,1,1,1,2,1,1,1,0,0,"13"
"Americas_fishery_unit243","Country1","Americas",0,1,3,0,0,1,1,0,0,0,0,1,0,"7"
"Americas_fishery_unit244","Country1","Americas",0,0,1,0,0,2,1,0,0,0,0,0,0,"4"
"Americas_fishery_unit245","Country1","Americas",0,1,1,2,0,2,1,0,1,1,1,0,0,"10"
"Americas_fishery_unit246","Country1","Americas",0,0,0,0,0,1,1,0,0,0,0,0,0,"2"
"Americas_fishery_unit247","Country24","Americas",1,1,3,3,0,2,2,2,1,1,1,0,0,"17"
"Americas_fishery_unit248","Country24","Americas",1,1,3,3,1,2,3,3,1,1,0,1,0,"20"
"Americas_fishery_unit249","Country24","Americas",1,1,3,3,1,2,2,3,1,1,1,3,1,"23"
"Americas_fishery_unit250","Country24","Americas",1,1,3,2,1,2,2,3,1,1,0,3,1,"21"
"Americas_fishery_unit251","Country24","Americas",1,1,3,3,1,2,2,3,1,1,1,3,1,"23"
"Americas_fishery_unit252","Country24","Americas",1,0,3,0,1,2,1,0,1,1,0,0,0,"10"
"Americas_fishery_unit253","Country24","Americas",1,1,3,3,1,2,2,2,1,1,1,0,0,"18"
"Americas_fishery_unit254","Country24","Americas",1,2,3,3,2,2,2,2,1,1,0,0,1,"20"
"Americas_fishery_unit255","Country24","Americas",1,2,3,2,1,2,2,2,1,1,0,0,1,"18"
"Americas_fishery_unit256","Country24","Americas",1,2,3,2,1,2,2,2,1,1,0,0,1,"18"
"Americas_fishery_unit257","Country24","Americas",1,2,3,2,1,2,2,2,1,1,0,0,1,"18"
"Americas_fishery_unit258","Country24","Americas",1,2,3,2,1,2,2,3,1,1,1,3,1,"23"
"Americas_fishery_unit259","Country24","Americas",1,2,3,2,1,2,2,2,1,1,0,0,1,"18"
"Americas_fishery_unit260","Country24","Americas",1,2,3,2,1,2,2,2,1,1,0,0,1,"18"
"Americas_fishery_unit261","Country24","Americas",1,2,3,2,1,2,2,2,1,1,0,0,1,"18"
"Americas_fishery_unit262","Country24","Americas",1,2,3,2,1,2,2,3,1,1,0,0,1,"19"
"Americas_fishery_unit263","Country24","Americas",1,2,3,2,1,2,2,2,1,1,1,3,1,"22"
"Americas_fishery_unit264","Country24","Americas",1,2,3,2,1,2,2,2,1,1,0,0,1,"18"
"Americas_fishery_unit265","Country24","Americas",1,2,3,2,1,2,2,3,1,1,0,0,1,"19"
"Americas_fishery_unit266","Country24","Americas",1,1,3,2,1,2,2,3,1,1,0,0,0,"17"
"Americas_fishery_unit267","Country24","Americas",1,1,3,2,1,2,2,3,1,1,0,0,0,"17"
"Americas_fishery_unit268","Country24","Americas",1,1,3,3,1,2,2,3,1,1,0,0,0,"18"
"Americas_fishery_unit269","Country24","Americas",1,1,3,3,1,2,3,2,1,1,1,0,1,"20"
"Americas_fishery_unit270","Country24","Americas",1,1,3,2,1,2,2,2,1,1,0,0,1,"17"
"Americas_fishery_unit271","Country24","Americas",1,2,3,2,1,2,2,2,1,1,0,0,1,"18"
"Americas_fishery_unit272","Country24","Americas",1,2,3,2,1,2,3,2,1,1,0,0,1,"19"
"Americas_fishery_unit273","Country24","Americas",1,2,3,2,1,2,2,3,1,1,0,0,1,"19"
"Americas_fishery_unit274","Country24","Americas",1,2,3,3,1,2,2,1,1,1,0,0,1,"18"
"Americas_fishery_unit275","Country24","Americas",1,1,3,3,3,3,3,3,1,1,1,0,1,"24"
"Americas_fishery_unit276","Country24","Americas",1,1,1,3,0,2,2,1,1,1,0,0,0,"13"
"Americas_fishery_unit277","Country24","Americas",1,0,3,3,0,2,2,1,1,1,1,0,0,"15"
"Americas_fishery_unit278","Country24","Americas",1,0,3,3,0,2,2,2,1,1,1,0,0,"16"
"Americas_fishery_unit279","Country24","Americas",1,0,3,3,0,2,2,1,1,1,1,0,0,"15"
"Americas_fishery_unit280","Country24","Americas",1,0,3,3,0,2,1,1,1,1,1,0,0,"14"
"Americas_fishery_unit281","Country24","Americas",1,0,3,3,0,2,1,1,1,1,1,0,0,"14"
"Americas_fishery_unit282","Country24","Americas",1,0,3,3,0,2,2,1,1,1,1,0,0,"15"
"Americas_fishery_unit283","Country24","Americas",1,1,2,3,1,2,2,2,1,1,0,0,0,"16"
"Americas_fishery_unit284","Country24","Americas",1,0,3,3,1,2,2,2,1,1,1,0,0,"17"
"Americas_fishery_unit285","Country24","Americas",1,0,3,2,1,2,2,1,1,1,0,0,0,"14"
"Americas_fishery_unit286","Country24","Americas",1,2,3,3,1,2,2,1,1,1,0,0,0,"17"
"Americas_fishery_unit287","Country24","Americas",1,2,3,3,1,2,2,1,1,1,0,0,0,"17"
"Americas_fishery_unit288","Country24","Americas",1,2,3,3,1,2,2,1,1,1,0,0,0,"17"
"Americas_fishery_unit289","Country24","Americas",1,1,3,3,1,2,3,2,1,1,1,0,0,"19"
"Americas_fishery_unit290","Country24","Americas",1,2,3,2,1,2,2,1,1,1,0,0,1,"17"
"Americas_fishery_unit291","Country24","Americas",1,2,3,2,1,2,2,2,1,1,1,0,1,"19"
"Americas_fishery_unit292","Country24","Americas",1,2,3,2,1,2,2,2,1,1,0,0,1,"18"
"Americas_fishery_unit293","Country24","Americas",1,1,3,2,1,2,2,1,1,1,0,0,1,"16"
"Americas_fishery_unit294","Country24","Americas",1,2,3,2,1,2,2,1,1,1,0,0,1,"17"
"Americas_fishery_unit295","Country24","Americas",1,2,3,2,1,2,2,1,1,1,0,0,1,"17"
"Americas_fishery_unit296","Country24","Americas",1,2,3,2,1,2,2,1,1,1,0,0,1,"17"
"Americas_fishery_unit297","Country24","Americas",1,2,3,2,1,2,2,2,1,1,0,0,1,"18"
"Americas_fishery_unit298","Country24","Americas",1,2,3,2,1,2,2,2,1,1,0,0,1,"18"
"Americas_fishery_unit299","Country24","Americas",1,1,3,2,1,2,1,1,1,1,0,0,0,"14"
"Americas_fishery_unit300","Country24","Americas",1,1,3,2,1,2,2,1,1,1,0,0,0,"15"
"Americas_fishery_unit301","Country24","Americas",1,2,3,2,1,2,2,1,1,1,0,0,0,"16"
"Americas_fishery_unit302","Country24","Americas",1,2,3,2,1,2,2,2,1,1,1,3,1,"22"
"Americas_fishery_unit303","Country24","Americas",1,2,3,2,1,2,2,2,1,1,0,0,1,"18"
"Americas_fishery_unit304","Country24","Americas",1,2,3,2,1,2,2,1,1,1,0,0,0,"16"
"Americas_fishery_unit305","Country24","Americas",1,2,3,2,1,2,2,1,1,1,0,0,0,"16"
"Americas_fishery_unit306","Country24","Americas",1,2,3,2,1,2,2,2,1,1,1,3,1,"22"
"Americas_fishery_unit307","Country24","Americas",1,1,3,3,0,2,2,1,1,1,1,0,0,"16"
"Americas_fishery_unit308","Country24","Americas",1,1,3,2,1,2,2,1,1,1,0,0,0,"15"
"Americas_fishery_unit309","Country24","Americas",1,1,3,2,0,3,2,3,1,1,0,0,0,"17"
"Americas_fishery_unit310","Country24","Americas",1,1,3,3,1,2,2,2,1,1,0,0,0,"17"
"Americas_fishery_unit311","Country24","Americas",1,1,3,3,0,2,1,1,1,1,1,0,0,"15"
"Americas_fishery_unit312","Country24","Americas",1,2,3,3,0,2,2,1,1,1,0,0,0,"16"
"Americas_fishery_unit313","Country24","Americas",1,1,3,3,0,2,2,1,1,1,0,0,0,"15"
"Americas_fishery_unit314","Country24","Americas",1,1,3,3,0,2,2,1,1,1,0,0,0,"15"
"Americas_fishery_unit315","Country24","Americas",1,2,3,2,1,2,1,1,1,1,0,0,0,"15"
"Americas_fishery_unit316","Country24","Americas",1,1,3,3,1,2,3,2,1,1,1,0,0,"19"
"Americas_fishery_unit317","Country24","Americas",1,1,3,3,1,2,2,1,1,1,0,0,0,"16"
"Americas_fishery_unit318","Country24","Americas",1,2,3,3,1,2,2,1,1,1,0,0,1,"18"
"Americas_fishery_unit319","Country24","Americas",1,2,3,3,1,2,2,1,1,1,0,0,1,"18"
"Asia_fishery_unit1","Country18","Asia",2,3,3,3,1,2,2,2,2,2,1,1,2,"26"
"Asia_fishery_unit2","Country18","Asia",1,1,1,2,3,2,2,0,1,2,1,2,1,"19"
"Asia_fishery_unit3","Country18","Asia",2,2,2,3,1,2,2,2,2,2,2,1,2,"25"
"Asia_fishery_unit4","Country18","Asia",1,1,2,2,2,2,2,2,2,2,3,3,1,"25"
"Asia_fishery_unit5","Country22","Asia",2,3,3,3,3,3,3,2,2,3,0,0,2,"29"
"Asia_fishery_unit6","Country22","Asia",1,2,3,3,3,3,3,2,2,3,0,2,2,"29"
"Asia_fishery_unit7","Country22","Asia",2,3,1,3,3,3,3,2,2,3,0,0,1,"26"
"Asia_fishery_unit8","Country22","Asia",0,1,0,0,1,0,1,0,1,1,0,0,0,"5"
"Asia_fishery_unit9","Country22","Asia",3,3,1,3,3,3,3,1,3,3,1,1,2,"30"
"Asia_fishery_unit10","Country22","Asia",1,1,0,3,1,0,1,0,1,1,0,0,0,"9"
"Asia_fishery_unit11","Country22","Asia",3,1,3,3,3,1,3,0,1,1,0,0,0,"19"
"Asia_fishery_unit12","Country6","Asia",0,1,1,0,0,1,1,0,1,1,1,1,2,"10"
"Asia_fishery_unit13","Country6","Asia",0,1,1,0,0,1,1,0,1,1,1,1,2,"10"
"Asia_fishery_unit14","Country6","Asia",0,1,1,0,0,1,1,0,1,1,1,1,2,"10"
"Asia_fishery_unit15","Country6","Asia",0,1,1,0,0,1,1,0,1,1,1,1,2,"10"
"Asia_fishery_unit16","Country6","Asia",0,1,1,0,0,1,1,0,1,1,1,1,2,"10"
"Asia_fishery_unit17","Country6","Asia",0,1,1,0,0,1,1,0,1,1,1,1,2,"10"
"Asia_fishery_unit18","Country6","Asia",0,2,3,2,0,1,1,0,1,1,1,1,2,"15"
"Asia_fishery_unit19","Country6","Asia",0,1,1,0,0,1,1,0,1,1,1,1,2,"10"
"Asia_fishery_unit20","Country6","Asia",0,1,1,0,0,1,1,0,1,1,0,1,2,"9"
"Asia_fishery_unit21","Country6","Asia",0,1,1,0,0,1,1,0,1,2,1,1,2,"11"
"Asia_fishery_unit22","Country6","Asia",0,1,1,1,0,1,1,0,1,1,1,1,2,"11"
"Asia_fishery_unit23","Country6","Asia",1,1,1,2,0,1,1,0,1,1,1,1,1,"12"
"Asia_fishery_unit24","Country6","Asia",0,1,1,0,0,1,1,0,1,1,1,1,2,"10"
"Asia_fishery_unit25","Country6","Asia",0,1,1,0,0,1,1,0,1,1,1,1,2,"10"
"Asia_fishery_unit26","Country6","Asia",0,1,1,0,0,1,1,0,1,1,1,1,2,"10"
"Asia_fishery_unit27","Country6","Asia",0,1,1,0,0,1,1,0,1,1,1,1,2,"10"
"Asia_fishery_unit28","Country6","Asia",0,1,1,0,0,1,1,0,1,1,1,1,2,"10"
"Asia_fishery_unit29","Country6","Asia",0,1,1,0,0,1,1,0,1,1,1,1,2,"10"
"Asia_fishery_unit30","Country6","Asia",0,1,1,0,0,1,1,0,1,1,1,1,2,"10"
"Asia_fishery_unit31","Country6","Asia",0,1,1,0,0,1,1,0,1,1,1,1,2,"10"
"Asia_fishery_unit32","Country6","Asia",0,1,1,0,0,1,1,0,1,1,1,1,2,"10"
"Asia_fishery_unit33","Country6","Asia",0,1,1,0,0,1,1,0,1,1,1,1,2,"10"
"Asia_fishery_unit34","Country6","Asia",0,1,1,0,0,1,1,0,1,1,1,1,2,"10"
"Asia_fishery_unit35","Country6","Asia",0,1,1,0,0,1,1,0,1,1,1,1,2,"10"
"Asia_fishery_unit36","Country6","Asia",0,1,1,0,0,1,1,0,1,1,1,1,2,"10"
"Asia_fishery_unit37","Country6","Asia",2,3,1,3,0,1,1,0,2,2,1,1,2,"19"
"Asia_fishery_unit38","Country6","Asia",0,1,1,0,0,1,1,0,1,1,1,1,2,"10"
"Asia_fishery_unit39","Country6","Asia",1,1,1,3,0,1,1,0,1,1,0,1,2,"13"
"Asia_fishery_unit40","Country6","Asia",1,1,1,3,0,1,1,0,1,1,0,1,2,"13"
"Asia_fishery_unit41","Country6","Asia",1,1,1,3,0,1,1,0,1,1,0,1,2,"13"
"Asia_fishery_unit42","Country6","Asia",1,1,1,3,0,1,1,0,1,1,0,1,2,"13"
"Asia_fishery_unit43","Country6","Asia",1,1,1,3,0,1,1,0,1,1,0,1,2,"13"
"Asia_fishery_unit44","Country6","Asia",1,1,1,3,0,1,1,0,1,1,0,1,2,"13"
"Asia_fishery_unit45","Country6","Asia",1,1,1,3,0,1,1,0,1,1,0,1,2,"13"
"Asia_fishery_unit46","Country6","Asia",1,1,1,3,0,1,1,0,1,1,0,1,2,"13"
"Asia_fishery_unit47","Country6","Asia",1,1,1,3,0,1,1,0,1,1,0,1,2,"13"
"Asia_fishery_unit48","Country6","Asia",1,1,1,3,0,1,1,0,1,1,0,1,2,"13"
"Asia_fishery_unit49","Country6","Asia",1,1,1,3,0,1,1,0,1,1,0,1,2,"13"
"Asia_fishery_unit50","Country6","Asia",1,1,1,3,0,1,1,0,1,1,0,1,2,"13"
"Asia_fishery_unit51","Country6","Asia",1,1,1,3,0,1,1,0,1,1,0,1,2,"13"
"Asia_fishery_unit52","Country6","Asia",1,1,1,3,0,1,1,0,1,1,0,1,2,"13"
"Asia_fishery_unit53","Country6","Asia",1,1,1,3,0,1,1,0,1,1,0,1,2,"13"
"Asia_fishery_unit54","Country6","Asia",1,1,1,3,0,1,1,0,1,1,0,1,2,"13"
"Asia_fishery_unit55","Country6","Asia",1,1,1,3,0,1,1,0,1,1,0,1,2,"13"
"Asia_fishery_unit56","Country6","Asia",1,1,1,3,0,1,1,0,1,1,0,1,2,"13"
"Asia_fishery_unit57","Country6","Asia",1,1,1,3,0,1,1,0,1,1,0,1,2,"13"
"Asia_fishery_unit58","Country6","Asia",1,1,1,3,0,1,1,0,1,1,0,1,2,"13"
"Asia_fishery_unit59","Country6","Asia",1,1,1,3,0,1,1,0,1,1,0,1,2,"13"
"Asia_fishery_unit60","Country6","Asia",1,1,1,3,0,1,1,0,1,1,0,1,2,"13"
"Asia_fishery_unit61","Country6","Asia",1,1,1,3,0,1,1,0,1,1,0,1,2,"13"
"Asia_fishery_unit62","Country6","Asia",1,1,1,3,0,1,1,0,1,1,0,1,2,"13"
"Asia_fishery_unit63","Country6","Asia",1,1,1,3,0,1,1,0,1,1,0,1,2,"13"
"Asia_fishery_unit64","Country6","Asia",1,1,1,3,0,1,1,0,1,1,0,1,2,"13"
"Asia_fishery_unit65","Country6","Asia",1,1,1,3,0,1,1,0,1,1,0,1,2,"13"
"Asia_fishery_unit66","Country6","Asia",1,1,1,2,0,1,1,0,1,1,1,1,2,"13"
"Asia_fishery_unit67","Country6","Asia",1,1,1,2,0,1,1,0,1,1,1,1,2,"13"
"Asia_fishery_unit68","Country6","Asia",1,1,1,2,0,1,1,0,1,1,1,1,2,"13"
"Asia_fishery_unit69","Country6","Asia",1,1,1,2,0,1,1,0,1,1,1,1,2,"13"
"Asia_fishery_unit70","Country6","Asia",1,1,1,2,0,1,1,0,1,1,1,1,2,"13"
"Asia_fishery_unit71","Country6","Asia",1,1,1,2,0,1,1,0,1,1,1,1,2,"13"
"Asia_fishery_unit72","Country6","Asia",1,1,1,2,0,1,1,0,1,1,1,1,2,"13"
"Asia_fishery_unit73","Country6","Asia",1,1,1,2,0,1,1,0,1,1,1,1,2,"13"
"Asia_fishery_unit74","Country6","Asia",1,1,1,2,0,1,1,0,1,1,1,1,2,"13"
"Asia_fishery_unit75","Country6","Asia",1,1,1,2,0,1,1,0,1,1,1,1,2,"13"
"Asia_fishery_unit76","Country6","Asia",1,1,1,2,0,1,1,0,1,1,1,1,2,"13"
"Asia_fishery_unit77","Country6","Asia",1,1,1,2,0,1,1,0,1,1,1,1,2,"13"
"Asia_fishery_unit78","Country6","Asia",1,1,1,2,0,1,1,0,1,1,1,1,2,"13"
"Asia_fishery_unit79","Country6","Asia",1,1,1,2,0,1,1,0,1,1,1,1,2,"13"
"Asia_fishery_unit80","Country6","Asia",1,1,1,2,0,1,1,0,1,1,1,1,2,"13"
"Asia_fishery_unit81","Country6","Asia",1,1,1,2,0,1,1,0,1,1,1,1,2,"13"
"Asia_fishery_unit82","Country6","Asia",1,1,1,2,0,1,1,0,1,1,1,1,2,"13"
"Asia_fishery_unit83","Country6","Asia",1,1,1,2,0,1,1,0,1,1,1,1,2,"13"
"Asia_fishery_unit84","Country6","Asia",1,1,1,2,0,1,1,0,1,1,1,1,2,"13"
"Asia_fishery_unit85","Country6","Asia",1,1,1,2,0,1,1,0,1,1,1,1,2,"13"
"Asia_fishery_unit86","Country6","Asia",1,1,1,2,0,1,1,0,1,1,1,1,2,"13"
"Asia_fishery_unit87","Country6","Asia",1,1,1,2,0,1,1,0,1,1,1,1,2,"13"
"Asia_fishery_unit88","Country6","Asia",1,1,1,2,0,1,1,0,1,1,1,1,2,"13"
"Asia_fishery_unit89","Country6","Asia",1,1,1,2,0,1,1,0,1,1,1,1,2,"13"
"Asia_fishery_unit90","Country6","Asia",1,1,1,2,0,1,1,0,1,1,1,1,2,"13"
"Asia_fishery_unit91","Country6","Asia",1,1,1,2,0,1,1,0,1,1,1,1,2,"13"
"Asia_fishery_unit92","Country6","Asia",1,1,1,2,0,1,1,0,1,1,1,1,2,"13"
"Asia_fishery_unit93","Country6","Asia",1,1,1,2,0,1,1,0,1,1,1,1,2,"13"
"Asia_fishery_unit94","Country6","Asia",1,1,1,1,0,1,1,0,1,1,1,0,1,"10"
"Asia_fishery_unit95","Country6","Asia",1,1,1,1,0,1,1,0,1,1,1,1,1,"11"
"Asia_fishery_unit96","Country30","Asia",1,1,3,0,3,0,2,0,1,1,0,1,0,"13"
"Asia_fishery_unit97","Country30","Asia",1,1,3,0,0,0,1,0,1,1,0,0,0,"8"
"Asia_fishery_unit98","Country30","Asia",1,1,3,3,0,1,1,2,1,1,1,3,1,"19"
"Asia_fishery_unit99","Country30","Asia",1,1,3,0,0,0,1,0,1,1,0,1,1,"10"
"Asia_fishery_unit100","Country30","Asia",1,1,3,3,1,2,2,2,1,1,1,2,1,"21"
"Asia_fishery_unit101","Country30","Asia",1,1,3,3,1,0,2,1,1,1,0,1,1,"16"
"Asia_fishery_unit102","Country30","Asia",0,0,2,0,0,0,1,0,0,0,0,2,0,"5"
"Asia_fishery_unit103","Country30","Asia",0,0,2,1,0,0,1,0,1,1,0,0,0,"6"
"Asia_fishery_unit104","Country30","Asia",1,0,2,0,0,0,1,0,0,0,0,1,0,"5"
"Asia_fishery_unit105","Country30","Asia",1,1,3,0,2,0,1,1,1,1,0,1,0,"12"
"Asia_fishery_unit106","Country30","Asia",1,1,3,0,0,0,1,0,1,1,0,0,0,"8"
"Asia_fishery_unit107","Country30","Asia",1,1,3,0,0,0,1,1,1,1,0,1,0,"10"
"Asia_fishery_unit108","Country30","Asia",1,1,3,0,0,0,1,2,1,1,0,3,0,"13"
"Asia_fishery_unit109","Country30","Asia",0,0,0,0,0,0,0,0,0,0,0,0,0,"0"
"Asia_fishery_unit110","Country30","Asia",0,0,0,0,0,0,0,0,0,0,0,0,0,"0"
"Asia_fishery_unit111","Country30","Asia",0,1,3,0,1,0,1,0,1,1,0,1,1,"10"
"Asia_fishery_unit112","Country4","Asia",2,2,1,3,1,1,1,2,1,1,1,2,2,"20"
"Asia_fishery_unit113","Country4","Asia",2,2,1,3,0,1,1,2,1,1,1,2,2,"19"
"Asia_fishery_unit114","Country4","Asia",3,1,3,3,0,1,1,2,1,1,1,1,2,"20"
"Asia_fishery_unit115","Country4","Asia",2,3,1,3,1,1,1,2,1,1,1,2,2,"21"
"Asia_fishery_unit116","Country4","Asia",3,2,3,3,1,1,1,2,1,1,1,1,2,"22"
"Asia_fishery_unit117","Country4","Asia",1,1,3,2,0,1,1,2,1,1,1,0,1,"15"
"Asia_fishery_unit118","Country4","Asia",2,1,3,3,0,1,1,2,1,1,2,3,2,"22"
"Asia_fishery_unit119","Country4","Asia",3,2,1,3,1,1,1,2,1,1,1,2,2,"21"
"Asia_fishery_unit120","Country4","Asia",3,2,3,3,1,1,1,2,1,1,1,0,2,"21"
"Asia_fishery_unit121","Country4","Asia",2,1,3,3,0,1,1,2,1,1,2,3,2,"22"
"Asia_fishery_unit122","Country4","Asia",2,1,3,3,0,1,1,2,1,1,1,0,1,"17"
"Asia_fishery_unit123","Country4","Asia",3,1,3,3,0,1,1,2,1,1,1,1,1,"19"
"Asia_fishery_unit124","Country42","Asia",1,1,1,1,0,2,2,0,1,1,1,2,1,"14"
"Asia_fishery_unit125","Country42","Asia",1,2,1,1,0,2,2,0,1,2,1,1,1,"15"
"Asia_fishery_unit126","Country42","Asia",1,1,1,1,0,2,1,0,1,1,1,1,1,"12"
"Asia_fishery_unit127","Country42","Asia",1,1,1,1,1,2,3,0,1,1,2,3,1,"18"
"Asia_fishery_unit128","Country42","Asia",1,1,1,1,0,0,1,0,1,1,0,0,1,"8"
"Asia_fishery_unit129","Country42","Asia",1,1,1,1,0,2,2,0,1,1,1,1,1,"13"
"Asia_fishery_unit130","Country42","Asia",1,1,1,1,0,2,2,0,1,1,1,1,1,"13"
"Asia_fishery_unit131","Country42","Asia",1,1,1,1,0,2,2,0,1,1,1,1,1,"13"
"Asia_fishery_unit132","Country42","Asia",1,1,1,1,0,2,2,0,1,1,1,1,1,"13"
"Asia_fishery_unit133","Country42","Asia",1,1,1,1,1,2,2,0,1,1,1,0,1,"13"
"Asia_fishery_unit134","Country42","Asia",1,1,1,1,0,2,2,0,1,1,1,1,1,"13"
"Asia_fishery_unit135","Country42","Asia",1,1,1,1,0,2,2,0,1,1,1,1,1,"13"
"Asia_fishery_unit136","Country42","Asia",1,1,1,1,0,2,2,0,1,1,1,1,1,"13"
"Asia_fishery_unit137","Country42","Asia",1,1,1,1,0,2,2,0,1,1,1,1,1,"13"
"Asia_fishery_unit138","Country42","Asia",1,2,1,3,0,3,2,0,1,1,3,3,1,"21"
"Asia_fishery_unit139","Country42","Asia",1,2,1,2,0,3,2,0,1,2,1,1,1,"17"
"Asia_fishery_unit140","Country42","Asia",1,1,1,1,0,2,2,0,1,1,1,2,1,"14"
"Asia_fishery_unit141","Country42","Asia",1,1,1,0,0,2,2,0,1,1,0,1,1,"11"
"Asia_fishery_unit142","Country42","Asia",1,1,1,1,0,2,2,0,1,2,1,1,1,"14"
"Asia_fishery_unit143","Country42","Asia",1,1,1,1,0,2,2,0,1,1,1,1,1,"13"
"Asia_fishery_unit144","Country42","Asia",1,1,1,1,0,2,2,0,1,1,1,1,1,"13"
"Asia_fishery_unit145","Country42","Asia",1,2,1,3,0,2,2,0,1,2,1,2,1,"18"
"Asia_fishery_unit146","Country42","Asia",1,2,1,2,0,2,3,0,1,2,1,2,1,"18"
"Asia_fishery_unit147","Country42","Asia",1,1,1,1,0,2,2,0,1,1,1,1,1,"13"
"Asia_fishery_unit148","Country42","Asia",1,1,1,1,0,2,2,0,1,1,1,1,1,"13"
"Asia_fishery_unit149","Country42","Asia",1,1,1,1,0,2,2,0,1,1,1,1,1,"13"
"Asia_fishery_unit150","Country42","Asia",1,1,1,1,0,2,1,0,1,1,1,1,1,"12"
"Asia_fishery_unit151","Country42","Asia",1,0,1,1,0,0,2,0,1,1,1,1,1,"10"
"Asia_fishery_unit152","Country42","Asia",1,1,1,1,0,2,2,0,1,1,1,1,1,"13"
"Asia_fishery_unit153","Country42","Asia",1,1,1,1,0,2,2,0,1,1,1,1,1,"13"
"Asia_fishery_unit154","Country42","Asia",1,1,1,1,0,2,2,0,1,1,1,1,1,"13"
"Asia_fishery_unit155","Country42","Asia",1,2,1,1,0,2,2,0,1,1,1,1,1,"14"
"Asia_fishery_unit156","Country42","Asia",1,1,1,1,0,2,2,0,1,1,1,1,1,"13"
"Asia_fishery_unit157","Country42","Asia",1,1,1,1,1,2,2,0,1,2,3,3,1,"19"
"Asia_fishery_unit158","Country42","Asia",1,1,1,1,0,2,2,0,1,1,1,1,1,"13"
"Asia_fishery_unit159","Country42","Asia",1,1,1,1,0,2,2,0,1,1,1,1,1,"13"
"Asia_fishery_unit160","Country42","Asia",1,1,1,1,0,2,2,0,1,1,1,1,1,"13"
"Asia_fishery_unit161","Country42","Asia",1,2,1,1,0,2,2,0,1,1,1,1,1,"14"
"Asia_fishery_unit162","Country42","Asia",1,1,1,1,0,2,2,0,1,1,1,1,1,"13"
"Asia_fishery_unit163","Country42","Asia",1,1,1,1,0,2,2,0,1,1,1,1,1,"13"
"Asia_fishery_unit164","Country42","Asia",1,1,1,1,0,2,2,0,1,1,1,1,1,"13"
"Asia_fishery_unit165","Country42","Asia",1,1,1,1,0,2,2,0,1,1,1,1,1,"13"
"Asia_fishery_unit166","Country42","Asia",1,1,1,1,0,2,2,0,1,1,1,1,1,"13"
"Asia_fishery_unit167","Country42","Asia",1,1,1,1,0,2,2,0,1,2,3,3,1,"18"
"Asia_fishery_unit168","Country42","Asia",1,1,1,1,0,2,2,0,1,2,2,3,1,"17"
"Asia_fishery_unit169","Country42","Asia",1,2,1,2,1,3,2,0,1,2,1,1,1,"18"
"Asia_fishery_unit170","Country42","Asia",1,3,1,2,1,3,2,0,1,2,1,1,1,"19"
"Asia_fishery_unit171","Country42","Asia",1,2,1,1,0,2,2,0,1,2,1,1,1,"15"
"Asia_fishery_unit172","Country42","Asia",1,2,1,2,0,2,2,0,1,1,3,3,1,"19"
"Asia_fishery_unit173","Country39","Asia",2,3,3,3,1,2,2,2,1,1,1,1,2,"24"
"Asia_fishery_unit174","Country39","Asia",3,2,3,3,1,2,1,2,1,1,0,1,2,"22"
"Asia_fishery_unit175","Country39","Asia",1,2,2,2,1,2,1,2,1,1,0,1,1,"17"
"Asia_fishery_unit176","Country39","Asia",1,1,1,2,1,2,1,2,1,1,0,0,0,"13"
"Asia_fishery_unit177","Country39","Asia",1,1,1,1,1,2,1,0,1,0,0,0,0,"9"
"Asia_fishery_unit178","Country39","Asia",0,1,1,0,1,2,2,0,1,0,0,0,0,"8"
"Asia_fishery_unit179","Country41","Asia",2,2,3,3,1,1,1,2,1,2,2,2,2,"24"
"Asia_fishery_unit180","Country41","Asia",2,2,3,3,1,1,1,2,1,2,2,2,2,"24"
"Asia_fishery_unit181","Country41","Asia",2,3,3,3,1,1,1,2,1,2,2,2,2,"25"
"Asia_fishery_unit182","Country41","Asia",1,1,2,1,1,1,1,2,1,1,1,1,0,"14"
"Asia_fishery_unit183","Country41","Asia",2,2,3,3,1,1,1,2,1,2,2,1,1,"22"
"Asia_fishery_unit184","Country41","Asia",1,1,3,0,1,1,1,2,1,1,0,0,1,"13"
"Asia_fishery_unit185","Country41","Asia",2,2,3,3,1,1,1,2,1,2,1,1,2,"22"
"Asia_fishery_unit186","Country41","Asia",2,2,3,3,1,1,1,2,1,1,2,1,2,"22"
"Asia_fishery_unit187","Country41","Asia",1,0,3,2,1,1,1,2,1,1,0,0,1,"14"
"Asia_fishery_unit188","Country41","Asia",1,0,3,0,0,1,1,2,1,1,2,3,1,"16"
"Asia_fishery_unit189","Country41","Asia",1,2,2,3,1,1,1,2,1,2,1,1,1,"19"
"Asia_fishery_unit190","Country41","Asia",1,1,3,0,1,1,1,2,1,1,0,0,1,"13"
"Asia_fishery_unit191","Country41","Asia",1,1,2,1,1,1,1,2,1,1,0,0,1,"13"
"Asia_fishery_unit192","Country41","Asia",2,2,2,3,1,1,1,2,1,1,2,1,0,"19"
"Asia_fishery_unit193","Country41","Asia",1,1,3,3,1,1,1,2,1,1,1,0,0,"16"
"Asia_fishery_unit194","Country41","Asia",1,1,3,2,1,1,1,2,1,1,0,0,0,"14"
"Asia_fishery_unit195","Country41","Asia",2,2,2,2,1,1,1,2,1,1,1,1,1,"18"
"Asia_fishery_unit196","Country41","Asia",1,2,2,1,1,1,1,2,1,2,1,1,1,"17"
"Asia_fishery_unit197","Country41","Asia",1,1,2,2,1,1,1,2,1,1,1,1,0,"15"
"Asia_fishery_unit198","Country41","Asia",1,1,2,2,1,1,1,2,1,1,0,1,0,"14"
"Asia_fishery_unit199","Country41","Asia",1,1,2,1,1,1,1,2,1,1,1,1,1,"15"
"Asia_fishery_unit200","Country41","Asia",2,2,3,3,1,1,1,2,1,1,2,1,1,"21"
"Asia_fishery_unit201","Country17","Asia",3,3,3,3,3,2,3,2,3,3,0,0,3,"31"
"Asia_fishery_unit202","Country17","Asia",3,3,3,3,0,1,1,2,2,2,3,3,2,"28"
"Asia_fishery_unit203","Country17","Asia",1,1,2,2,1,1,1,0,1,1,0,1,1,"13"
"Asia_fishery_unit204","Country17","Asia",3,3,3,3,2,3,3,3,2,2,2,1,3,"33"
"Asia_fishery_unit205","Country17","Asia",2,3,3,3,0,1,1,2,2,2,1,0,2,"22"
"Asia_fishery_unit206","Country17","Asia",2,2,3,3,2,2,3,2,1,2,1,2,2,"27"
"Asia_fishery_unit207","Country16","Asia",1,1,1,1,0,1,2,0,1,1,0,1,1,"11"
"Asia_fishery_unit208","Country16","Asia",1,1,1,1,0,1,2,0,1,1,0,1,1,"11"
"Asia_fishery_unit209","Country16","Asia",1,1,1,1,0,1,2,0,1,1,0,0,1,"10"
"Asia_fishery_unit210","Country16","Asia",1,1,1,1,0,1,2,0,1,1,0,0,1,"10"
"Asia_fishery_unit211","Country16","Asia",1,0,1,0,0,0,2,0,1,0,0,0,0,"5"
"Asia_fishery_unit212","Country16","Asia",1,1,1,1,0,1,2,0,1,1,0,0,1,"10"
"Asia_fishery_unit213","Country16","Asia",1,1,1,1,0,1,2,0,1,1,0,1,1,"11"
"Asia_fishery_unit214","Country16","Asia",1,1,1,1,0,1,2,0,1,1,0,0,1,"10"
"Asia_fishery_unit215","Country16","Asia",1,1,1,1,0,1,2,0,1,1,0,1,1,"11"
"Asia_fishery_unit216","Country16","Asia",1,1,1,1,0,1,2,0,1,1,0,1,1,"11"
"Asia_fishery_unit217","Country16","Asia",1,0,1,0,0,0,1,0,0,0,0,0,0,"3"
"Asia_fishery_unit218","Country16","Asia",1,1,1,1,0,1,2,0,1,1,0,1,1,"11"
"Asia_fishery_unit219","Country16","Asia",1,0,1,0,0,0,1,0,0,0,0,0,0,"3"
"Asia_fishery_unit220","Country16","Asia",1,0,1,0,0,0,1,0,0,0,0,0,0,"3"
"Asia_fishery_unit221","Country16","Asia",1,0,1,0,0,0,1,0,0,0,0,0,0,"3"
"Asia_fishery_unit222","Country16","Asia",1,0,1,0,0,0,1,0,0,0,0,0,0,"3"
"Asia_fishery_unit223","Country16","Asia",1,1,1,1,0,1,2,0,1,1,0,0,1,"10"
"Asia_fishery_unit224","Country16","Asia",1,1,1,1,0,1,1,0,0,0,0,0,1,"7"
"Asia_fishery_unit225","Country16","Asia",1,1,1,1,0,1,2,0,1,1,0,1,1,"11"
"Asia_fishery_unit226","Country2","Asia",2,2,3,1,1,2,1,1,2,1,0,0,2,"18"
"Asia_fishery_unit227","Country2","Asia",1,1,3,1,1,2,1,1,1,1,0,1,0,"14"
"Asia_fishery_unit228","Country2","Asia",1,1,3,1,1,2,1,1,1,1,0,1,0,"14"
"Asia_fishery_unit229","Country2","Asia",1,1,3,0,0,0,1,3,1,1,0,1,0,"12"
"Asia_fishery_unit230","Country2","Asia",1,1,3,1,1,2,1,1,1,1,0,1,0,"14"
"Asia_fishery_unit231","Country6","Asia",1,1,1,1,0,1,1,0,1,1,1,1,1,"11"
"Asia_fishery_unit232","Country6","Asia",1,1,1,2,0,1,1,0,1,1,1,1,2,"13"
"Europe_fishery_unit1","Country28","Europe",1,2,1,2,0,3,3,2,2,3,3,3,2,"27"
"Europe_fishery_unit2","Country28","Europe",1,2,1,2,0,3,3,2,2,3,3,3,2,"27"
"Europe_fishery_unit3","Country28","Europe",1,2,1,2,0,3,3,2,2,2,3,1,2,"24"
"Europe_fishery_unit4","Country28","Europe",1,2,1,2,0,3,3,2,2,2,3,1,2,"24"
"Europe_fishery_unit5","Country28","Europe",1,2,1,2,0,3,3,2,2,3,3,3,2,"27"
"Europe_fishery_unit6","Country28","Europe",1,2,1,2,0,3,3,2,2,2,2,1,2,"23"
"Europe_fishery_unit7","Country28","Europe",1,2,1,2,0,3,3,2,2,2,3,3,2,"26"
"Europe_fishery_unit8","Country28","Europe",1,2,1,2,0,3,3,2,2,2,2,1,2,"23"
"Europe_fishery_unit9","Country28","Europe",1,2,1,2,0,3,3,2,2,2,2,1,2,"23"
"Europe_fishery_unit10","Country28","Europe",0,0,1,0,0,1,1,0,2,1,1,1,0,"8"
"Europe_fishery_unit11","Country28","Europe",0,0,1,0,0,0,0,0,2,1,1,1,0,"6"
"Europe_fishery_unit12","Country43","Europe",2,2,3,2,1,3,3,0,1,2,3,3,1,"26"
"Europe_fishery_unit13","Country43","Europe",1,1,1,2,1,3,3,0,1,2,3,3,1,"22"
"Europe_fishery_unit14","Country43","Europe",1,1,3,2,1,3,3,0,1,1,2,1,1,"20"
"Europe_fishery_unit15","Country43","Europe",1,2,1,0,1,3,3,0,1,1,2,1,1,"17"
"Europe_fishery_unit16","Country43","Europe",1,1,3,2,1,3,3,0,1,1,2,0,1,"19"
"Europe_fishery_unit17","Country43","Europe",2,2,3,2,1,3,3,0,1,2,3,3,1,"26"
"Europe_fishery_unit18","Country43","Europe",1,1,1,2,1,3,3,0,1,2,3,3,1,"22"
"Europe_fishery_unit19","Country43","Europe",1,1,3,2,1,3,3,0,1,1,2,0,1,"19"
"Europe_fishery_unit20","Country43","Europe",2,2,3,2,1,3,3,0,1,2,3,3,1,"26"
"Europe_fishery_unit21","Country43","Europe",1,1,1,2,1,3,3,0,1,2,3,3,1,"22"
"Europe_fishery_unit22","Country43","Europe",1,1,1,0,1,3,3,0,1,1,2,1,1,"16"
"Europe_fishery_unit23","Country43","Europe",1,1,3,2,1,3,3,0,1,1,2,0,1,"19"
"Europe_fishery_unit24","Country43","Europe",1,1,3,2,1,3,3,0,1,1,2,1,1,"20"
"Europe_fishery_unit25","Country43","Europe",1,2,1,0,1,3,3,0,1,1,2,1,1,"17"
"Europe_fishery_unit26","Country43","Europe",1,1,3,2,1,3,3,0,1,1,2,0,1,"19"
"Europe_fishery_unit27","Country38","Europe",1,1,3,0,0,3,2,0,1,1,1,1,1,"15"
"Europe_fishery_unit28","Country38","Europe",1,1,3,0,0,3,2,0,1,1,1,1,1,"15"
"Europe_fishery_unit29","Country38","Europe",1,1,3,0,0,3,2,0,1,1,1,1,1,"15"
"Europe_fishery_unit30","Country38","Europe",1,1,3,0,0,3,2,0,1,1,1,1,1,"15"
"Europe_fishery_unit31","Country38","Europe",2,3,3,3,0,3,2,0,2,2,0,0,2,"22"
"Europe_fishery_unit32","Country38","Europe",1,1,3,0,0,3,2,0,1,1,1,1,1,"15"
"Europe_fishery_unit33","Country38","Europe",0,0,3,0,0,3,2,0,0,0,1,0,0,"9"
"Europe_fishery_unit34","Country38","Europe",1,1,3,0,0,3,2,0,1,1,0,0,0,"12"
"Europe_fishery_unit35","Country38","Europe",1,1,3,0,0,3,2,0,1,1,0,0,0,"12"
"Europe_fishery_unit36","Country38","Europe",1,1,3,0,0,3,2,0,1,1,0,0,1,"13"
"Europe_fishery_unit37","Country38","Europe",1,1,3,0,0,3,2,0,1,1,0,0,0,"12"
"Europe_fishery_unit38","Country38","Europe",1,1,3,0,0,3,2,0,1,1,1,1,1,"15"
"Europe_fishery_unit39","Country38","Europe",1,1,3,0,0,3,2,0,1,1,1,1,1,"15"
"Europe_fishery_unit40","Country38","Europe",1,1,3,0,0,3,2,0,1,1,2,3,1,"18"
"Europe_fishery_unit41","Country38","Europe",1,1,3,0,0,3,2,0,1,1,2,3,1,"18"
"Europe_fishery_unit42","Country38","Europe",1,1,3,0,0,3,2,0,1,1,2,3,1,"18"
"Europe_fishery_unit43","Country38","Europe",1,1,3,0,0,3,2,0,1,1,2,3,1,"18"
"Europe_fishery_unit44","Country38","Europe",1,1,3,0,0,3,2,0,1,1,1,0,2,"15"
"Europe_fishery_unit45","Country38","Europe",1,1,3,0,0,3,2,0,1,1,2,3,0,"17"
"Europe_fishery_unit46","Country38","Europe",1,1,3,0,0,3,2,0,1,1,0,0,1,"13"
"Europe_fishery_unit47","Country38","Europe",0,0,3,0,0,3,2,0,0,0,0,0,0,"8"
"Europe_fishery_unit48","Country38","Europe",1,1,3,0,0,3,2,0,1,1,0,0,0,"12"
"Europe_fishery_unit49","Country38","Europe",1,1,3,0,0,3,2,0,1,1,0,1,1,"14"
"Europe_fishery_unit50","Country38","Europe",1,1,3,0,0,3,2,0,1,1,1,1,1,"15"
"Europe_fishery_unit51","Country38","Europe",1,1,3,0,0,3,2,0,1,1,0,0,0,"12"
"Europe_fishery_unit52","Country38","Europe",1,1,3,0,0,3,2,0,1,1,1,0,0,"13"
"Europe_fishery_unit53","Country38","Europe",1,1,3,0,0,3,2,0,1,1,1,0,0,"13"
"Europe_fishery_unit54","Country38","Europe",1,1,3,0,0,3,2,0,1,1,1,0,0,"13"
"Europe_fishery_unit55","Country38","Europe",1,1,3,0,0,3,2,0,1,1,1,0,1,"14"
"Europe_fishery_unit56","Country38","Europe",1,1,3,0,0,3,2,0,1,1,1,0,1,"14"
"Europe_fishery_unit57","Country38","Europe",1,1,3,0,0,3,2,0,1,1,1,0,0,"13"
"Europe_fishery_unit58","Country38","Europe",1,1,3,0,0,3,2,0,1,1,1,1,1,"15"
"Europe_fishery_unit59","Country38","Europe",1,1,3,0,0,3,2,0,1,1,1,1,1,"15"
"Europe_fishery_unit60","Country38","Europe",1,1,3,0,0,3,2,0,1,1,1,1,1,"15"
"Europe_fishery_unit61","Country38","Europe",1,1,3,0,0,3,2,0,1,1,0,0,0,"12"
"Europe_fishery_unit62","Country38","Europe",1,1,3,0,0,3,2,0,1,1,2,3,1,"18"
"Europe_fishery_unit63","Country38","Europe",1,1,3,0,0,3,2,0,1,1,1,1,1,"15"
"Europe_fishery_unit64","Country38","Europe",1,1,3,0,0,3,2,0,1,1,1,1,1,"15"
"Europe_fishery_unit65","Country38","Europe",1,1,3,0,0,3,2,0,1,1,2,3,1,"18"
"Europe_fishery_unit66","Country38","Europe",1,1,3,0,0,3,2,0,1,1,2,3,0,"17"
"Europe_fishery_unit67","Country38","Europe",1,1,3,0,0,3,2,0,1,1,1,1,1,"15"
"Europe_fishery_unit68","Country38","Europe",1,1,3,0,0,3,2,0,1,1,0,0,1,"13"
"Europe_fishery_unit69","Country38","Europe",1,1,3,0,0,3,2,0,1,1,1,1,1,"15"
"Europe_fishery_unit70","Country38","Europe",1,1,3,0,0,3,2,0,1,1,1,1,1,"15"
"Europe_fishery_unit71","Country38","Europe",1,1,3,0,0,3,2,0,1,1,1,1,1,"15"
"Europe_fishery_unit72","Country38","Europe",1,1,3,0,0,3,2,0,1,1,1,1,1,"15"
"Europe_fishery_unit73","Country38","Europe",1,1,3,1,0,3,2,0,1,1,0,0,1,"14"
"Europe_fishery_unit74","Country38","Europe",1,1,3,0,0,3,2,0,1,1,1,1,1,"15"
"Europe_fishery_unit75","Country38","Europe",1,1,3,0,0,3,2,0,1,1,0,0,1,"13"
"Europe_fishery_unit76","Country38","Europe",1,2,3,2,0,3,2,0,2,2,1,1,2,"21"
"Europe_fishery_unit77","Country38","Europe",1,1,3,0,0,3,2,0,1,1,1,1,1,"15"
"Europe_fishery_unit78","Country38","Europe",1,1,3,0,0,3,2,0,1,1,1,1,1,"15"
"Europe_fishery_unit79","Country38","Europe",1,1,3,0,0,3,2,0,1,1,1,1,1,"15"
"Europe_fishery_unit80","Country38","Europe",0,0,3,0,0,3,2,0,0,0,0,0,0,"8"
"Europe_fishery_unit81","Country38","Europe",2,2,3,1,0,3,2,0,2,2,2,1,2,"22"
"Europe_fishery_unit82","Country38","Europe",1,1,3,0,0,3,2,0,1,1,1,0,1,"14"
"Oceania_fishery_unit1","Country10","Oceania",0,0,3,0,0,0,2,0,1,0,0,0,0,"6"
"Oceania_fishery_unit2","Country10","Oceania",0,0,3,0,0,0,0,0,1,0,0,0,0,"4"
"Oceania_fishery_unit3","Country10","Oceania",0,0,3,0,1,0,1,0,0,0,0,0,1,"6"
"Oceania_fishery_unit4","Country10","Oceania",0,0,0,0,1,0,0,0,0,0,0,0,0,"1"
"Oceania_fishery_unit5","Country10","Oceania",3,1,3,3,1,1,3,1,1,1,1,0,2,"21"
"Oceania_fishery_unit6","Country10","Oceania",0,0,0,0,1,0,2,0,0,0,0,0,0,"3"
"Oceania_fishery_unit7","Country10","Oceania",0,1,2,1,0,0,2,0,0,0,0,1,1,"8"
"Oceania_fishery_unit8","Country10","Oceania",0,1,0,0,0,0,0,0,0,0,0,1,0,"2"
"Oceania_fishery_unit9","Country10","Oceania",0,1,2,1,2,1,2,1,1,1,0,0,1,"13"
"Oceania_fishery_unit10","Country10","Oceania",0,1,0,0,0,0,0,0,1,1,0,0,0,"3"
"Oceania_fishery_unit11","Country10","Oceania",0,0,1,0,0,0,1,0,0,0,0,0,0,"2"
"Oceania_fishery_unit12","Country10","Oceania",0,0,0,0,0,0,1,0,0,0,0,0,0,"1"
"Oceania_fishery_unit13","Country10","Oceania",0,0,1,0,0,0,1,0,0,0,0,0,0,"2"
"Oceania_fishery_unit14","Country10","Oceania",0,0,0,0,0,0,1,0,0,0,0,0,0,"1"
"Oceania_fishery_unit15","Country10","Oceania",0,0,1,0,0,0,1,0,0,0,0,0,0,"2"
"Oceania_fishery_unit16","Country10","Oceania",0,0,0,0,0,0,1,0,0,0,0,0,0,"1"
"Oceania_fishery_unit17","Country10","Oceania",0,0,2,0,1,1,1,0,1,1,0,0,1,"8"
"Oceania_fishery_unit18","Country10","Oceania",0,0,0,0,0,0,0,0,1,0,0,0,0,"1"
"Oceania_fishery_unit19","Country10","Oceania",0,0,0,0,0,0,0,0,0,0,0,0,0,"0"
"Oceania_fishery_unit20","Country10","Oceania",0,0,0,0,0,0,0,0,0,0,0,0,0,"0"
"Oceania_fishery_unit21","Country10","Oceania",2,2,3,1,1,1,2,0,1,1,0,0,1,"15"
"Oceania_fishery_unit22","Country10","Oceania",2,2,2,1,1,1,1,0,1,1,0,0,1,"13"
"Oceania_fishery_unit23","Country10","Oceania",2,2,2,1,1,1,2,0,1,1,0,0,1,"14"
"Oceania_fishery_unit24","Country10","Oceania",1,2,0,1,0,0,0,0,1,1,0,0,1,"7"
"Oceania_fishery_unit25","Country10","Oceania",1,1,0,1,0,0,2,0,1,1,0,0,1,"8"
"Oceania_fishery_unit26","Country10","Oceania",0,1,0,0,0,0,0,0,1,0,0,0,1,"3"
"Oceania_fishery_unit27","Country10","Oceania",0,1,2,1,0,1,2,0,1,0,0,0,1,"9"
"Oceania_fishery_unit28","Country10","Oceania",0,1,0,0,0,0,0,0,1,0,0,0,0,"2"
"Oceania_fishery_unit29","Country10","Oceania",0,1,2,1,0,1,2,0,1,0,0,0,1,"9"
"Oceania_fishery_unit30","Country10","Oceania",0,1,0,0,0,0,0,0,1,0,0,0,0,"2"
"Oceania_fishery_unit31","Country10","Oceania",1,1,2,1,0,1,2,0,1,1,0,0,1,"11"
"Oceania_fishery_unit32","Country10","Oceania",1,1,0,0,0,0,0,0,1,1,0,0,0,"4"
"Oceania_fishery_unit33","Country10","Oceania",2,3,2,1,1,1,2,0,1,1,2,2,1,"19"
"Oceania_fishery_unit34","Country10","Oceania",1,2,2,3,2,2,2,1,1,1,0,0,1,"18"
"Oceania_fishery_unit35","Country10","Oceania",1,2,0,1,0,0,0,0,1,1,0,0,0,"6"
"Oceania_fishery_unit36","Country10","Oceania",1,2,2,3,2,2,2,1,1,1,0,0,1,"18"
"Oceania_fishery_unit37","Country10","Oceania",1,2,0,1,0,0,0,0,1,1,0,0,0,"6"
